ID,seqID,seq,len,Cpos,Ccount,motif,N_Cpos,Count_all,pep,pepCCC,pepCC,pepCXC,pepC
O75438,sp|O75438|NDUB1_HUMAN,MVNLLQIVRDHWVHVLVPMGFVIGCYLDRKSDERLTAFRNKSMLFKRELQPSEEVTWK,58,-34,1,,25,1,GFVIGCYLDRK,,,,GFVIGCYLDRK
P00395,sp|P00395|COX1_HUMAN,MFADRWLFSTNHKDIGTLYLLFGAWAGVLGTALSLLIRAELGQPGNLLGNDHIYNVIVTAHAFVMIFFMVMPIMIGGFGNWLVPLMIGAPDMAFPRMNNMSFWLLPPSLLLLLASAMVEAGAGTGWTVYPPLAGNYSHPGASVDLTIFSLHLAGVSSILGAINFITTIINMKPPAMTQYQTPLFVWSVLITAVLLLLSLPVLAAGITMLLTDRNLNTTFFDPAGGGDPILYQHLFWFFGHPEVYILILPGFGMISHIVTYYSGKKEPFGYMGMVWAMMSIGFLGFIVWAHHMFTVGMDVDTRAYFTSATMIIAIPTGVKVFSWLATLHGSNMKWSAAVLWALGFIFLFTVGGLTGIVLANSSLDIVLHDTYYVVAHFHYVLSMGAVFAIMGGFIHWFPLFSGYTLDQTYAKIHFTIMFIGVNLTFFPQHFLGLSGMPRRYSDYPDAYTTWNILSSVGSFISLTAVMLMIFMIWEAFASKRKVLMVEEPSMNLEWLYGCPPPYHTFEEPVYMKS,513,-16,1,,498,1,EWLYGCPPPYH,,,,EWLYGCPPPYH
P11279,sp|P11279|LAMP1_HUMAN,MAAPGSARRPLLLLLLLLLLGLMHCASAAMFMVKNGNGTACIMANFSAAFSVNYDTKSGPKNMTFDLPSDATVVLNRSSCGKENTSDPSLVIAFGRGHTLTLNFTRNATRYSVQLMSFVYNLSDTHLFPNASSKEIKTVESITDIRADIDKKYRCVSGTQVHMNNVTVTLHDATIQAYLSNSSFSRGETRCEQDRPSPTTAPPAPPSPSPSPVPKSPSVDKYNVSGTNGTCLLASMGLQLNLTYERKDNTTVTRLLNINPNKTSASGSCGAHLVTLELHSEGTTVLLFQFGMNASSSRFFLQGIQLNTILPDARDPAFKAANGSLRALQATVGNSYKCNAEEHVRVTKAFSVNIFKVWVQAFKVEGGQFGSVEECLLDENSMLIPIAVGGALAGLVLIVLIAYLVGRKRSHAGYQTI,417,-393,1,,25,9,LGLMHCASAAM,,,,LGLMHCASAAM
P36542,sp|P36542|ATPG_HUMAN,MFSRAGVAGLSAWTLQPQWIQVRNMATLKDITRRLKSIKNIQKITKSMKMVAAAKYARAERELKPARIYGLGSLALYEKADIKGPEDKKKHLLIGVSSDRGLCGAIHSSIAKQMKSEVATLTAAGKEVMLVGIGDKIRGILYRTHSDQFLVAFKEVGRKPPTFGDASVIALELLNSGYEFDEGSIIFNKFRSVISYKTEEKPIFSLNTVASADSMSIYDDIDADVLQNYQEYNLANIIYYSLKESTTSEQSARMTAMDNASKNASEMIDKLTLTFNRTRQAVITKELIEIISGAAALD,298,-196,1,,103,1,SDRGLCGAIHS,,,,SDRGLCGAIHS
P60059,sp|P60059|SC61G_HUMAN,MDQVMQFVEPSRQFVKDSIRLVKRCTKPDRKEFQKIAMATAIGFAIMGFIGFFVKLIHIPINNIIVGG,68,-44,1,,25,1,RLVKRCTKPDR,,,,RLVKRCTKPDR
Q16836,sp|Q16836|HCDH_HUMAN,MAFVTRQFMRSVSSSSTASASAKKIIVKHVTVIGGGLMGAGIAQVAAATGHTVVLVDQTEDILAKSKKGIEESLRKVAKKKFAENLKAGDEFVEKTLSTIATSTDAASVVHSTDLVVEAIVENLKVKNELFKRLDKFAAEHTIFASNTSSLQITSIANATTRQDRFAGLHFFNPVPVMKLVEVIKTPMTSQKTFESLVDFSKALGKHPVSCKDTPGFIVNRLLVPYLMEAIRLYERGDASKEDIDTAMKLGAGYPMGPFELLDYVGLDTTKFIVDGWHEMDAENPLHQPSPSLNKLVAENKFGKKTGEGFYKYK,314,-104,1,,211,1,KHPVSCKDTPG,,,,KHPVSCKDTPG
Q5XKP0,sp|Q5XKP0|MIC13_HUMAN,MVARVWSLMRFLIKGSVAGGAVYLVYDQELLGPSDKSQAALQKAGEVVPPAMYQFSQYVCQQTGLQIPQLPAPPKIYFPIRDSWNAGIMTVMSALSVAPSKAREYSKEGWEYVKARTK,118,-59,1,,60,1,FSQYVCQQTGL,,,,FSQYVCQQTGL
Q96HE7,sp|Q96HE7|ERO1A_HUMAN,MGRGWGFLFGLLGAVWLLSSGHGEEQPPETAAQRCFCQVSGYLDDCTCDVETIDRFNNYRLFPRLQKLLESDYFRYYKVNLKRPCPFWNDISQCGRRDCAVKPCQSDEVPDGIKSASYKYSEEANNLIEECEQAERLGAVDESLSEETQKAVLQWTKHDDSSDNFCEADDIQSPEAEYVDLLLNPERYTGYKGPDAWKIWNVIYEENCFKPQTIKRPLNPLASGQGTSEENTFYSWLEGLCVEKRAFYRLISGLHASINVHLSARYLLQETWLEKKWGHNITEFQQRFDGILTEGEGPRRLKNLYFLYLIELRALSKVLPFFERPDFQLFTGNKIQDEENKMLLLEILHEIKSFPLHFDENSFFAGDKKEAHKLKEDFRLHFRNISRIMDCVGCFKCRLWGKLQTQGLGTALKILFSEKLIANMPESGPSYEFHLTRQEIVSLFNAFGRISTSVKELENFRNLLQNIH,468,-303,1,,166,15,SSDNFCEADDI,,,,SSDNFCEADDI
Q96M27,sp|Q96M27|PRRC1_HUMAN,MMEESGIETTPPGTPPPNPAGLAATAMSSTPVPLAATSSFSSPNVSSMESFPPLAYSTPQPPLPPVRPSAPLPFVPPPAVPSVPPLVTSMPPPVSPSTAAAFGNPPVSHFPPSTSAPNTLLPAPPSGPPISGFSVGSTYDITRGHAGRAPQTPLMPSFSAPSGTGLLPTPITQQASLTSLAQGTGTTSAITFPEEQEDPRITRGQDEASAGGIWGFIKGVAGNPMVKSVLDKTKHSVESMITTLDPGMAPYIKSGGELDIVVTSNKEVKVAAVRDAFQEVFGLAVVVGEAGQSNIAPQPVGYAAGLKGAQERIDSLRRTGVIHEKQTAVSVENFIAELLPDKWFDIGCLVVEDPVHGIHLETFTQATPVPLEFVQQAQSLTPQDYNLRWSGLLVTVGEVLEKSLLNVSRTDWHMAFTGMSRRQMIYSAARAIAGMYKQRLPPRTV,445,-98,1,,348,1,WFDIGCLVVED,,,,WFDIGCLVVED
Q9BQE5,sp|Q9BQE5|APOL2_HUMAN,MNPESSIFIEDYLKYFQDQVSRENLLQLLTDDEAWNGFVAAAELPRDEADELRKALNKLASHMVMKDKNRHDKDQQHRQWFLKEFPRLKRELEDHIRKLRALAEEVEQVHRGTTIANVVSNSVGTTSGILTLLGLGLAPFTEGISFVLLDTGMGLGAAAAVAGITCSVVELVNKLRARAQARNLDQSGTNVAKVMKEFVGGNTPNVLTLVDNWYQVTQGIGRNIRAIRRARANPQLGAYAPPPHVIGRISAEGGEQVERVVEGPAQAMSRGTMIVGAATGGILLLLDVVSLAYESKHLLEGAKSESAEELKKRAQELEGKLNFLTKIHEMLQPGQDQ,337,-172,1,,166,1,VAGITCSVVEL,,,,VAGITCSVVEL
Q9UDW1,sp|Q9UDW1-2|QCR9_HUMAN,MAAATLTSKLYSLLFRRTSTFALTIIVGVMFFERAFDQGADAIYDHINEGVRACAIPDLGPA,62,-9,1,,54,1,EGVRACAIPDL,,,,EGVRACAIPDL
Q9UMX0,sp|Q9UMX0-4|UBQL1_HUMAN,MAESGESGGPPGSQDSAAGAEGAGAPAAAASAEPKIMKVTVKTPKEKEEFAVPENSSVQQFKEEISKRFKSHTDQLVLIFAGKILKDQDTLSQHGIHDGLTVHLVIKTQNRPQDHSAQQTNTAGSNVTTSSTPNSNSTSGSATSNPFGLDVGTCQESSNDAGDDEEPGPSFEQPRKHPRGI,181,-28,1,,154,1,LDVGTCQESSN,,,,LDVGTCQESSN
O95297,sp|O95297|MPZL1_HUMAN,MAASAGAGAVIAAPDSRRWLWSVLAAALGLLTAGVSALEVYTPKEIFVANGTQGKLTCKFKSTSTTGGLTSVSWSFQPEGADTTVSFFHYSQGQVYLGNYPPFKDRISWAGDLDKKDASINIENMQFIHNGTYICDVKNPPDIVVQPGHIRLYVVEKENLPVFPVWVVVGIVTAVVLGLTLLISMILAVLYRRKNSKRDYTGCSTSESLSPVKQAPRKSPSDTEGLVKSLPSGSHQGPVIYAQLDHSGGHHSDKINKSESVVYADIRKN,269,-67,1,,203,3,RDYTGCSTSES,,,,RDYTGCSTSES
P41217,sp|P41217|OX2G_HUMAN,MERLVIRMPFSHLSTYSLVWVMAAVVLCTAQVQVVTQDEREQLYTPASLKCSLQNAQEALIVTWQKKKAVSPENMVTFSENHGVVIQPAYKDKINITQLGLQNSTITFWNITLEDEGCYMCLFNTFGFGKISGTACLTVYVQPIVSLHYKFSEDHLNITCSATARPAPMVFWKVPRSGIENSTVTLSHPNGTTSVTSILHIKDPKNQVGKEVICQVLHLGTVTDFKQTVNKGYWFSVPLLLSIVSLVILLVLISILLYWKRHRNQDRGELSQGVQKMT,278,-251,1,,28,7,AAVVLCTAQVQ,,,,AAVVLCTAQVQ
P53367,sp|P53367|ARFP1_HUMAN,MAQESPKNSAAEIPVTSNGEVDDSREHSFNRDLKHSLPSGLGLSETQITSHGFDNTKEGVIEAGAFQGSPAPPLPSVMSPSRVAASRLAQQGSDLIVPAGGQRTQTKSGPVILADEIKNPAMEKLELVRKWSLNTYKCTRQIISEKLGRGSRTVDLELEAQIDILRDNKKKYENILKLAQTLSTQLFQMVHTQRQLGDAFADLSLKSLELHEEFGYNADTQKLLAKNGETLLGAINFFIASVNTLVNKTIEDTLMTVKQYESARIEYDAYRTDLEELNLGPRDANTLPKIEQSQHLFQAHKEKYDKMRNDVSVKLKFLEENKVKVLHNQLVLFHNAIAAYFAGNQKQLEQTLKQFHIKLKTPGVDAPSWLEEQ,373,-236,1,,138,1,LNTYKCTRQII,,,,LNTYKCTRQII
P63027,sp|P63027|VAMP2_HUMAN,MSATAATAPPAAPAGEGGPPAPPPNLTSNRRLQQTQAQVDEVVDIMRVNVDKVLERDQKLSELDDRADALQAGASQFETSAAKLKRKYWWKNLKMMIILGVICAIILIIIIVYFST,116,-14,1,,103,1,ILGVICAIILI,,,,ILGVICAIILI
Q8N4V1,sp|Q8N4V1|EMC5_HUMAN,MAPSLWKGLVGIGLFALAHAAFSAAQHRSYMRLTEKEDESLPIDIVLQTLLAFAVTCYGIVHIAGEFKDMDATSELKNKTFDTLRNHPSFYVFNHRGRVLFRPSDTANSSNQDALSSNTSLKLRKLESLRR,131,-75,1,,57,1,AFAVTCYGIVH,,,,AFAVTCYGIVH
Q92968,sp|Q92968|PEX13_HUMAN,MASQPPPPPKPWETRRIPGAGPGPGPGPTFQSADLGPTLMTRPGQPALTRVPPPILPRPSQQTGSSSVNTFRPAYSSFSSGYGAYGNSFYGGYSPYSYGYNGLGYNRLRVDDLPPSRFVQQAEESSRGAFQSIESIVHAFASVSMMMDATFSAVYNSFRAVLDVANHFSRLKIHFTKVFSAFALVRTIRYLYRRLQRMLGLRRGSENEDLWAESEGTVACLGAEDRAATSAKSWPIFLFFAVILGGPYLIWKLLSTHSDEVTDSINWASGEDDHVVARAEYDFAAVSEEEISFRAGDMLNLALKEQQPKVRGWLLASLDGQTTGLIPANYVKILGKRKGRKTVESSKVSKQQQSFTNPTLTKGATVADSLDEQEAAFESVFVETNKVPVAPDSIGKDGEKQDL,403,-184,1,,220,1,EGTVACLGAED,,,,EGTVACLGAED
O00483,sp|O00483|NDUA4_HUMAN,MLRQIIGQAKKHPSLIPLFVFIGTGATGATLYLLRLALFNPDVCWDRNNPEPWNKLGPNDQYKFYSVNVDYSKLKKERPDF,81,-38,1,,44,1,FNPDVCWDRNN,,,,FNPDVCWDRNN
P00414,sp|P00414|COX3_HUMAN,MTHQSHAYHMVKPSPWPLTGALSALLMTSGLAMWFHFHSMTLLMLGLLTNTLTMYQWWRDVTRESTYQGHHTPPVQKGLRYGMILFITSEVFFFAGFFWAFYHSSLAPTPQLGGHWPPTGITPLNPLEVPLLNTSVLLASGVSITWAHHSLMENNRNQMIQALLITILLGLYFTLLQASEYFESPFTISDGIYGSTFFVATGFHGLHVIIGSTFLTICFIRQLMFHFTSKHHFGFEAAAWYWHFVDVVWLFLYVSIYWWGS,261,-44,1,,218,1,TFLTICFIRQL,,,,TFLTICFIRQL
P05107,sp|P05107|ITB2_HUMAN,MLGLRPPLLALVGLLSLGCVLSQECTKFKVSSCRECIESGPGCTWCQKLNFTGPGDPDSIRCDTRPQLLMRGCAADDIMDPTSLAETQEDHNGGQKQLSPQKVTLYLRPGQAAAFNVTFRRAKGYPIDLYYLMDLSYSMLDDLRNVKKLGGDLLRALNEITESGRIGFGSFVDKTVLPFVNTHPDKLRNPCPNKEKECQPPFAFRHVLKLTNNSNQFQTEVGKQLISGNLDAPEGGLDAMMQVAACPEEIGWRNVTRLLVFATDDGFHFAGDGKLGAILTPNDGRCHLEDNLYKRSNEFDYPSVGQLAHKLAENNIQPIFAVTSRMVKTYEKLTEIIPKSAVGELSEDSSNVVQLIKNAYNKLSSRVFLDHNALPDTLKVTYDSFCSNGVTHRNQPRGDCDGVQINVPITFQVKVTATECIQEQSFVIRALGFTDIVTVQVLPQCECRCRDQSRDRSLCHGKGFLECGICRCDTGYIGKNCECQTQGRSSQELEGSCRKDNNSIICSGLGDCVCGQCLCHTSDVPGKLIYGQYCECDTINCERYNGQVCGGPGRGLCFCGKCRCHPGFEGSACQCERTTEGCLNPRRVECSGRGRCRCNVCECHSGYQLPLCQECPGCPSPCGKYISCAECLKFEKGPFGKNCSAACPGLQLSNNPVKGRTCKERDSEGCWVAYTLEQQDGMDRYLIYVDESRECVAGPNIAAIVGGTVAGIVLIGILLLVIWKALIHLSDLREYRRFEKEKLKSQWNNDNPLFKSATTTVMNPKFAES,769,-751,1,,19,57,LLSLGCVLSQE,,,,LLSLGCVLSQE
P0DJ93,sp|P0DJ93|SIM13_HUMAN,MWHSVGLTLLVFVATLLIVLLLMVCGWYFVWHLFLSKFKFLRELVGDTGSQEGDHEPSGSETEEDTSSSPHRIRSARQRRAPADEGHRPLT,91,-67,1,,25,1,LLLMVCGWYFV,,,,LLLMVCGWYFV
P60468,sp|P60468|SC61B_HUMAN,MPGPTPSGTNVGSSGRSPSKAVAARAAGSTVRQRKNASCGTRSAGRTTSAGTGGMWRFYTEDSPGLKVGPVPVLVMSLLFIASVFMLHIWGKYTRS,96,-58,1,,39,1,RKNASCGTRSA,,,,RKNASCGTRSA
Q8N131,sp|Q8N131|PORIM_HUMAN,MGLGARGAWAALLLGTLQVLALLGAAHESAAMAASANIENSGLPHNSSANSTETLQHVPSDHTNETSNSTVKPPTSVASDSSNTTVTTMKPTAASNTTTPGMVSTNMTSTTLKSTPKTTSVSQNTSQISTSTMTVTHNSSVTSAASSVTITTTMHSEAKKGSKFDTGSFVGGIVLTLGVLSILYIGCKMYYSRRGIRYRTIDEHDAII,208,-22,1,,187,1,ILYIGCKMYYS,,,,ILYIGCKMYYS
Q99720,sp|Q99720|SGMR1_HUMAN,MQWAVGRRWAWAALLLAVAAVLTQVVWLWLGTQSFVFQREEIAQLARQYAGLDHELAFSRLIVELRRLHPGHVLPDEELQWVFVNAGGWMGAMCLLHASLSEYVLLFGTALGSRGHSGRYWAEISDTIISGTFHQWREGTTKSEVFYPGETVVHGPGEATAVEWGPNTWMVEYGRGVIPSTLAFALADTVFSTQDFLTLFYTLRSYARGLRLELTTYLFGQDP,223,-130,1,,94,1,WMGAMCLLHAS,,,,WMGAMCLLHAS
Q9BTV4,sp|Q9BTV4|TMM43_HUMAN,MAANYSSTSTRREHVKVKTSSQPGFLERLSETSGGMFVGLMAFLLSFYLIFTNEGRALKTATSLAEGLSLVVSPDSIHSVAPENEGRLVHIIGALRTSKLLSDPNYGVHLPAVKLRRHVEMYQWVETEESREYTEDGQVKKETRYSYNTEWRSEIINSKNFDREIGHKNPSAMAVESFMATAPFVQIGRFFLSSGLIDKVDNFKSLSLSKLEDPHVDIIRRGDFFYHSENPKYPEVGDLRVSFSYAGLSGDDPDLGPAHVVTVIARQRGDQLVPFSTKSGDTLLLLHHGDFSAEEVFHRELRSNSMKTWGLRAAGWMAMFMGLNLMTRILYTLVDWFPVFRDLVNIGLKAFAFCVATSLTLLTVAAGWLFYRPLWALLIAGLALVPILVARTRVPAKKLE,400,-47,1,,354,1,KAFAFCVATSL,,,,KAFAFCVATSL
Q9BV40,sp|Q9BV40|VAMP8_HUMAN,MEEASEGGGNDRVRNLQSEVEGVKNIMTQNVERILARGENLEHLRNKTEDLEATSEHFKTTSQKVARKFWWKNVKMIVLICVIVFIIILFIVLFATGAFS,100,-20,1,,81,1,MIVLICVIVFI,,,,MIVLICVIVFI
