id,c_position,state
A0A1W2PQL4,90,δδδδδδδδδδδ
A1L0T0,22,βββββββββββ
O00161,112,ηπππππββπππ
O00423,21,βββββππδπδπ
O00483,44,λπχβηδπδπβθ
O14569,179,χλσβθβδπσνπ
O14734,13,δδδδδδδδδδδ
O14735,31,λβθλβππλβσσ
O15126,132,δπδδρπηδδδλ
O15162,95,δαδππδφπλλρ
O15228,73,χβνλλβθλλπδ
O15254,478,βππβδαχδηπβ
O15391,91,ππππππβπβππ
O15427,409,βσθβββββππδ
O15554,127,πδρδπβββθβπ
O43765,38,βββσββσθββν
O43772,155,πγσβρσσββχθ
O60831,28,δαδδπβθβββλ
O60906,342,λλββλββλλββ
O75438,25,βββββββββββ
O75955,17,ωκδφδπαββιδ
O95297,203,ββββππδδδπδ
O95479,160,σθχπηνγδδπν
O95870,205,ββθββλβββλβ
O95977,13,δπλββλββθββ
O96011,153,βββββββββββ
P00395,498,σθβχηγηρδστ
P00414,218,βλσβββσβθσβ
P03905,52,χδωαδπδλφφτ
P04234,124,βββββββββββ
P05107,19,ππππδπππχφφ
P08237,519,πηχσσληφψεψ
P08842,205,βββθθββββδδ
P09110,26,πππδπδπχππδ
P09564,230,πδδπδδδδδδδ
P0DJ93,25,βθθββθβββββ
P11049,31,λββλλβχλβθθ
P11117,388,βββββββββββ
P11279,25,ππδπππχαωεω
P13164,84,βββσββσβββσ
P13598,245,βββββββββββ
P13612,25,βββββββπδππ
P16070,13,ββββββπππππ
P16930,105,ββσβββρμδγν
P17900,125,πππδχδδππθν
P19440,23,ββββθββππππ
P20645,7,δπβππββββββ
P21964,34,χνπχββββθθχ
P24390,192,σνββθπβσββχ
P25098,120,βθββββνηχδδ
P30837,169,δδχωτκικδωα
P32189,534,ππβπβπδπδββ
P33947,192,σνββθπβσββχ
P36507,349,βλσβλσνδνπσ
P36542,103,αχδδλλπθφλβ
P40937,238,βσσθλσβλαδδ
P41217,28,ββββββππδφδ
P45880,227,γππβρδικικι
P46379,191,δππββπδδπδδ
P48509,11,πβπθδπβλββλ
P48960,10,δδδδδδδδδδδ
P49189,484,δμδμδιδδπδδ
P49682,338,ββθββθβπππδ
P49902,547,πδδπδδγσπδπ
P51659,277,θβθνρπδρδβτ
P52294,529,γηδδπππδπππ
P53367,138,βλββλλββχββ
P54578,257,ωκωκδφππδππ
P54709,128,πχαδδφδωχαα
P57740,78,δδδπδδδδδδδ
P60033,6,δδφδδπλββλλ
P60059,25,ββββπδδδδδπ
P60468,39,πδδδδδδδπππ
P63027,103,βββββββββββ
P78383,143,πλλβλλσθλχσ
Q06136,318,βσβββββββββ
Q07889,1102,δδδδδδδδδδδ
Q10713,20,πδδδδπδπδδδ
Q13042,544,ππβββπππππθ
Q13217,31,βπππππδδπβλ
Q13571,50,βππδδδδδπβθ
Q13685,428,μιγιηγδδδπδ
Q14242,364,πββππππββππ
Q14558,204,αφδπδδπβρπγ
Q14728,9,δδδδδδδδδδδ
Q15027,10,δδλβθλλββδπ
Q15041,109,βσσββσσββσβ
Q15067,199,ηφπνδτπττφτ
Q15388,100,βσλβσδπθνπβ
Q15629,29,λββλβββλββλ
Q15738,340,ηψδηδρββσθβ
Q15813,522,νηηψιψμψιψδ
Q16836,211,ηηψδψφψρδρρ
Q53H12,20,νββββββββββ
Q5BKT4,285,βχχφφδχχβθλ
Q5RI15,59,δβββσβββσββ
Q5T2E6,41,δχπθββπβθσλ
Q5VZE5,40,ββββββββδδπ
Q5W0Z9,38,θλπλπλπθπθβ
Q5XKP0,60,βχββθθββπβδ
Q68DH5,379,βσθβρνπβσσβ
Q6N075,33,δδδπχππδπβν
Q6NUQ4,580,βββββββββλβ
Q6P1A2,270,δλββλλβσλλβ
Q6PJI9,791,δδδδδδδδδπδ
Q7Z2E3,161,δδδδδδδδδδδ
Q7Z2K6,43,δδδδδδδδδδδ
Q7Z3C6,764,δδδδδδδδδδδ
Q7Z3U7,514,βββββββββππ
Q7Z5G4,24,πβηδαλατδλδ
Q7Z7H5,23,ββββββββπδδ
Q86UL3,119,σββββββββββ
Q86XK2,113,δδδδδδδψδδδ
Q8IUF8,19,δδδδδδδππππ
Q8IWA5,279,βλλββλββλλβ
Q8N131,187,βββββββββββ
Q8N4V1,57,σββσνββσβββ
Q8N5B7,124,σβσσββσσβσβ
Q8N697,414,λβλσλβλλλλβ
Q8NBI5,226,δδγγπππδδδδ
Q8NCF5,232,βββθβββδδδδ
Q8NE35,430,δδδδδδδδδδπ
Q8NFH5,255,βββθθββπδδπ
Q8TB72,169,δδδδδδδδδδδ
Q8TBQ9,46,ββσνββσββθβ
Q8TC12,133,δφααλδδφδηρ
Q8TCD1,71,δδδδδδδδδδδ
Q8TEB9,217,ββσθβββπβππ
Q8TED0,385,θλππβνλβππβ
Q8WUX1,393,σββσβπδλδσσ
Q8WV22,40,βσσββσθββρπ
Q92544,19,ββββπππππδδ
Q92685,21,βββββββββββ
Q92968,220,ββββπππδδδδ
Q969E2,20,ππδγρπδδδδλ
Q969X1,154,θθθρππλπλθλ
Q96A26,41,δδπδδδδδδδδ
Q96C86,37,δδδδδπδδδδδ
Q96EU7,19,βββββββββββ
Q96HE7,166,βπχαλαδπρπσ
Q96JC1,59,πππδππρδιδι
Q96JJ7,24,βββββλββχαα
Q96M27,348,ιωικικιωιδγ
Q96P70,90,λχααδδππρπν
Q96QD8,403,βθθβππβδδδδ
Q96RQ1,319,σβββσβθσσββ
Q96SI9,463,πδπδδδδδδδδ
Q99442,379,βππδδδδδδδδ
Q99720,94,ωιωικτωταδδ
Q9BPW8,6,δδδδδδδδδδδ
Q9BQB6,96,λρβλσγγλδλβ
Q9BQE5,166,δδπρχπσλβββ
Q9BTV4,354,σλβσνλβσχλβ
Q9BV40,81,βββββββββββ
Q9BVC4,121,δπβσδτδδιδγ
Q9BVK8,190,ββθββββδδσβ
Q9BZE1,366,τσνρηδσγδγγ
Q9BZK7,214,αιχφδφδδδπν
Q9C0B5,36,θββχχλβλθθβ
Q9GZM5,209,βλθββλβφπδδ
Q9H2M9,1336,αδπβλνβσσββ
Q9H3K2,8,δδδδπδδδδδδ
Q9H3N1,165,ββλββχλθθθθ
Q9H3Z4,136,ββπδππδπππδ
Q9H6H4,200,δδπππδπππδδ
Q9H7Z7,16,λδβδπαδδδδδ
Q9H900,7,λββλχβλλχβλ
Q9HA64,11,θββββφπδκδω
Q9HCE3,287,ββπππδδδδδδ
Q9NPR9,30,λπδφαφδφδφδ
Q9NRX5,193,βηββββσβββλ
Q9NRZ7,34,λββλββλββθθ
Q9NTJ5,23,ιωιαρππππγχ
Q9NUJ1,15,δδδδδδδδδδδ
Q9NVA4,326,πδρδδσββσββ
Q9NVH1,38,σλββλθββλβλ
Q9NX46,132,σππππππδλλβ
Q9NX76,90,λνσθβσγθβθβ
Q9NZ01,18,πρητλδιδγγη
Q9P2W9,323,βββββββββββ
Q9UBB4,356,σδλεδδπδδδδ
Q9UBI1,170,ιδιδιδγπβββ
Q9UBM7,118,ππααπθββπππ
Q9UBX3,240,πδσβσσσββχθ
Q9UGP8,490,βσβββββββπδ
Q9UHW9,939,ρρνβρψαψεψε
Q9UI14,64,δββσλββλλβχ
Q9UI26,894,ρατδρνλαδδπ
Q9UJ83,511,ρπδπγγηδηπδ
Q9Y277,229,κγδπδπφωιωι
Q9Y5B9,574,κταγδαπππδπ
Q9Y5L0,60,πδδσσβλσσλλ
Q9Y679,325,θββρβδσββσβ
Q9Y6N5,18,δδδδδδδδδδδ
Q9Y6X5,423,βββββββββββ
