ID,seqID,seq,len,Cpos,Ccount,N_Cpos,Count_all,pep,pepCCC,pepCC,pepCXC,pepC
A6NCE7,sp|A6NCE7|MP3B2_HUMAN,MPSEKTFKQRRTFEQRVEDVRLIREQHPTKIPVIIERYKGEKQLPVLDKTKFLVPDHVNMSELIKIIRRRLQLNANQAFFLLVNGHSMVSVSTPISEVYESEKDEDGFLYMVCASQETFGMKLSV,125,-13,1,113,1,FLYMVCASQET,,,,FLYMVCASQET
C4AMC7,sp|C4AMC7|WASH3_HUMAN,MTPVRMQHSLAGQTYAVPLIQPDLRREEAVQQMADALQYLQKVSGDIFSRISQQVEQSRSQVQAIGEKVSLAQAKIEKIKGSKKAIKVFSSAKYPAPERLQEYGSIFTGAQDPGLQRRPRHRIQSKHRPLDERALQEKDFPVCVSTKPEPEDDAEEGLGGLPSNISSVSSLLLFNTTENLGKKYVFLDPLAGAVTKTHVMLGAETEEKLFDAPLSISKREQLEQQVPENYFYVPDLGQVPEIDVPSYLPDLPGITNDLMYIADLGPGIAPSAPGTIPELPTFHTEVAEPLKVDLQDGVLTPPPPPPPPPPAPEVLASAPPLPPSTAAPVGQGARQDDSSSSASPSVQGAPREVVDPSGGRATLLESIRQAGGIGKAKLRSMKERKLEKKQQKEQEQVRATSQGGHLMSDLFNKLVMRRKGISGKGPGAGEGPGGAFARVSDSIPPLPPPQQPQAEEDEDDWES,463,-321,1,143,1,KDFPVCVSTKP,,,,KDFPVCVSTKP
O00461,sp|O00461|GOLI4_HUMAN,MGNGMCSRKQKRIFQTLLLLTVVFGFLYGAMLYYELQTQLRKAEAVALKYQQHQESLSAQLQVVYEHRSRLEKSLQKERLEHKKAKEDFLVYKLEAQETLNKGRQDSNSRYSALNVQHQMLKSQHEELKKQHSDLEEEHRKQGEDFSRTFNDHKQKYLQLQQEKEQELSKLKETVYNLREENRQLRKAHQDIHTQLQDVKQQHKNLLSEHEQLVVTLEDHKSALAAAQTQVAEYKQLKDTLNRIPSLRKPDPAEQQNVTQVAHSPQGYNTAREKPTREVQEVSRNNDVWQNHEAVPGRAEDTKLYAPTHKEAEFQAPPEPIQQEVERREPEEHQVEEEHRKALEEEEMEQVGQAEHLEEEHDPSPEEQDREWKEQHEQREAANLLEGHARAEVYPSAKPMIKFQSPYEEQLEQQRLAVQQVEEAQQLREHQEALHQQRLQGHLLRQQEQQQQQVAREMALQRQAELEEGRPQHQEQLRQQAHYDAMDNDIVQGAEDQGIQGEEGAYERDNQHQDEAEGDPGNRHEPREQGPREADPESEADRAAVEDINPADDPNNQGEDEFEEAEQVREENLPDENEEQKQSNQKQENTEVEEHLVMAGNPDQQEDNVDEQYQEEAEEEVQEDLTEEKKRELEHNAEETYGENDENTDDKNNDGEEQEVRDDNRPKGREEHYEEEEEEEEDGAAVAEKSHRRAEM,696,-691,1,6,1,MGNGMCSRKQK,,,,MGNGMCSRKQK
O14548,sp|O14548|COX7R_HUMAN,MYYKFSGFTQKLAGAWASEAYSPQGLKPVVSTEAPPIIFATPTKLTSDSTVYDYAGKNKVPELQKFFQKADGVPVYLKRGLPDQMLYRTTMALTVGGTIYCLIALYMASQPKNK,114,-14,1,101,1,GGTIYCLIALY,,,,GGTIYCLIALY
O15173,sp|O15173|PGRC2_HUMAN,MAAGDGDVKLGTLGSGSESSNDGGSESPGDAGAAAEGGGWAAAALALLTGGGEMLLNVALVALVLLGAYRLWVRWGRRGLGAGAGAGEESPATSLPRMKKRDFSLEQLRQYDGSRNPRILLAVNGKVFDVTKGSKFYGPAGPYGIFAGRDASRGLATFCLDKDALRDEYDDLSDLNAVQMESVREWEMQFKEKYDYVGRLLKPGEEPSEYTDEEDTKDHNKQD,223,-65,1,159,1,GLATFCLDKDA,,,,GLATFCLDKDA
O43464,sp|O43464|HTRA2_HUMAN,MAAPRAGRGAGWSLRAWRALGGIRWGRRPRLTPDLRALLTSGTSDPRARVTYGTPSLWARLSVGVTEPRACLTSGTPGPRAQLTAVTPDTRTREASENSGTRSRAWLAVALGAGGAVLLLLWGGGRGPPAVLAAVPSPPPASPRSQYNFIADVVEKTAPAVVYIEILDRHPFLGREVPISNGSGFVVAADGLIVTNAHVVADRRRVRVRLLSGDTYEAVVTAVDPVADIATLRIQTKEPLPTLPLGRSADVRQGEFVVAMGSPFALQNTITSGIVSSAQRPARDLGLPQTNVEYIQTDAAIDFGNSGGPLVNLDGEVIGVNTMKVTAGISFAIPSDRLREFLHRGEKKNSSSGISGSQRRYIGVMMLTLSPSILAELQLREPSFPDVQHGVLIHKVILGSPAHRAGLRPGDVILAIGEQMVQNAEDVYEAVRTQSQLAVQIRRGRETLTLYVTPEVTE,458,-388,1,71,1,TEPRACLTSGT,,,,TEPRACLTSGT
O43819,sp|O43819|SCO2_HUMAN,MLLLTRSPTAWHRLSQLKPRVLPGTLGGQALHLRSWLLSRQGPAETGGQGQPQGPGLRTRLLITGLFGAGLGGAWLALRAEKERLQQQKRTEALRQAAVGQGDFHLLDHRGRARCKADFRGQWVLMYFGFTHCPDICPDELEKLVQVVRQLEAEPGLPPVQPVFITVDPERDDVEAMARYVQDFHPRLLGLTGSTKQVAQASHSYRVYYNAGPKDEDQDYIVDHSIAIYLLNPDGLFTDYYGRSRSAEQISDSVRRHMAAFRSVLS,266,-152,1,115,3,RGRARCKADFR,,,,RGRARCKADFR
O75022,sp|O75022|LIRB3_HUMAN,MTPALTALLCLGLSLGPRTRVQAGPFPKPTLWAEPGSVISWGSPVTIWCQGSQEAQEYRLHKEGSPEPLDRNNPLEPKNKARFSIPSMTEHHAGRYRCHYYSSAGWSEPSDPLEMVMTGAYSKPTLSALPSPVVASGGNMTLRCGSQKGYHHFVLMKEGEHQLPRTLDSQQLHSRGFQALFPVGPVTPSHRWRFTCYYYYTNTPWVWSHPSDPLEILPSGVSRKPSLLTLQGPVLAPGQSLTLQCGSDVGYNRFVLYKEGERDFLQRPGQQPQAGLSQANFTLGPVSPSNGGQYRCYGAHNLSSEWSAPSDPLNILMAGQIYDTVSLSAQPGPTVASGENVTLLCQSWWQFDTFLLTKEGAAHPPLRLRSMYGAHKYQAEFPMSPVTSAHAGTYRCYGSYSSNPHLLSHPSEPLELVVSGHSGGSSLPPTGPPSTPGLGRYLEVLIGVSVAFVLLLFLLLFLLLRRQRHSKHRTSDQRKTDFQRPAGAAETEPKDRGLLRRSSPAADVQEENLYAAVKDTQSEDRVELDSQSPHDEDPQAVTYAPVKHSSPRREMASPPSSLSGEFLDTKDRQVEEDRQMDTEAAASEASQDVTYAQLHSLTLRRKATEPPPSQEGEPPAEPSIYATLAIH,631,-622,1,10,9,LTALLCLGLSL,,,,LTALLCLGLSL
O75326,sp|O75326|SEM7A_HUMAN,MTPPPPGRAAPSAPRARVPGPPARLGLPLRLRLLLLLWAAAASAQGHLRSGPRIFAVWKGHVGQDRVDFGQTEPHTVLFHEPGSSSVWVGGRGKVYLFDFPEGKNASVRTVNIGSTKGSCLDKRDCENYITLLERRSEGLLACGTNARHPSCWNLVNGTVVPLGEMRGYAPFSPDENSLVLFEGDEVYSTIRKQEYNGKIPRFRRIRGESELYTSDTVMQNPQFIKATIVHQDQAYDDKIYYFFREDNPDKNPEAPLNVSRVAQLCRGDQGGESSLSVSKWNTFLKAMLVCSDAATNKNFNRLQDVFLLPDPSGQWRDTRVYGVFSNPWNYSAVCVYSLGDIDKVFRTSSLKGYHSSLPNPRPGKCLPDQQPIPTETFQVADRHPEVAQRVEPMGPLKTPLFHSKYHYQKVAVHRMQASHGETFHVLYLTTDRGTIHKVVEPGEQEHSFAFNIMEIQPFRRAAAIQTMSLDAERRKLYVSSQWEVSQVPLDLCEVYGGGCHGCLMSRDPYCGWDQGRCISIYSSERSVLQSINPAEPHKECPNPKPDKAPLQKVSLAPNSRYYLSCPMESRHATYSWRHKENVEQSCEPGHQSPNCILFIENLTAQQYGHYFCEAQEGSYFREAQHWQLLPEDGIMAEHLLGHACALAASLWLGVLPTLTLGLLVH,666,-22,1,645,19,LLGHACALAAS,,,,LLGHACALAAS
O75340,sp|O75340|PDCD6_HUMAN,MAAYSYRPGPGAGPGPAAGAALPDQSFLWNVFQRVDKDRSGVISDTELQQALSNGTWTPFNPVTVRSIISMFDRENKAGVNFSEFTGVWKYITDWQNVFRTYDRDNSGMIDKNELKQALSGFGYRLSDQFHDILIRKFDRQGRGQIAFDDFIQGCIVLQRLTDIFRRYDTDQDGWIQVSYEQYLSMVFSIV,191,-37,1,155,1,DFIQGCIVLQR,,,,DFIQGCIVLQR
O75575,sp|O75575|RPC9_HUMAN,MEVKDANSALLSNYEVFQLLTDLKEQRKESGKNKHSSGQQNLNTITYETLKYISKTPCRHQSPEIVREFLTALKSHKLTKAEKLQLLNHRPVTAVEIQLMVEESEERLTEEQIEALLHTVTSILPAEPEAEQKKNTNSNVAMDEEDPA,148,-91,1,58,1,ISKTPCRHQSP,,,,ISKTPCRHQSP
O75947,sp|O75947|ATP5H_HUMAN,MAGRKLALKTIDWVAFAEIIPQNQKAIASSLKSWNETLTSRLAALPENPPAIDWAYYKANVAKAGLVDDFEKKFNALKVPVPEDKYTAQVDAEEKEDVKSCAEWVSLSKARIVEYEKEMEKMKNLIPFDQMTIEDLNEAFPETKLDKKKYPYWPHQPIENL,161,-61,1,101,1,EDVKSCAEWVS,,,,EDVKSCAEWVS
O95182,sp|O95182|NDUA7_HUMAN,MASATRLIQRLRNWASGHDLQGKLQLRYQEISKRTQPPPKLPVGPSHKLSNNYYCTRDGRRESVPPSIIMSSQKALVSGKPAESSAVAATEKKAVTPAPPIKRWELSSDQPYL,113,-59,1,55,1,SNNYYCTRDGR,,,,SNNYYCTRDGR
O95295,sp|O95295|SNAPN_HUMAN,MAGAGSAAVSGAGTPVAGPTGRDLFAEGLLEFLRPAVQQLDSHVHAVRESQVELREQIDNLATELCRINEDQKVALDLDPYVKKLLNARRRVVLVNNILQNAQERLRRLNHSVAKETARRRAMLDSGIYPPGSPGK,136,-71,1,66,1,LATELCRINED,,,,LATELCRINED
P01374,sp|P01374|TNFB_HUMAN,MTPPERLFLPRVCGTTLHLLLLGLLLVLLPGAQGLPGVGLTPSAAQTARQHPKMHLAHSTLKPAAHLIGDPSKQNSLLWRANTDRAFLQDGFSLSNNSLLVPTSGIYFVYSQVVFSGKAYSPKATSSPLYLAHEVQLFSSQYPFHVPLLSSQKMVYPGLQEPWLHSMYHGAAFQLTQGDQLSTHTDGIPHLVLSPSTVFFGAFAL,205,-193,1,13,1,FLPRVCGTTLH,,,,FLPRVCGTTLH
P03923,sp|P03923|NU6M_HUMAN,MMYALFLLSVGLVMGFVGFSSKPSPIYGGLVLIVSGVVGCVIILNFGGGYMGLMVFLIYLGGMMVVFGYTTAMAIEEYPEAWGSGVEVLVSVLVGLAMEVGLVLWVKEYDGVVVVVNFNSVGSWMIYEGEGSGLIREDPIGAGALYDYGRWLVVVTGWTLFVGVYIVIEIARGN,174,-135,1,40,1,SGVVGCVIILN,,,,SGVVGCVIILN
P08670,sp|P08670|VIME_HUMAN,MSTRSVSSSSYRRMFGGPGTASRPSSSRSYVTTSTRTYSLGSALRPSTSRSLYASSPGGVYATRSSAVRLRSSVPGVRLLQDSVDFSLADAINTEFKNTRTNEKVELQELNDRFANYIDKVRFLEQQNKILLAELEQLKGQGKSRLGDLYEEEMRELRRQVDQLTNDKARVEVERDNLAEDIMRLREKLQEEMLQREEAENTLQSFRQDVDNASLARLDLERKVESLQEEIAFLKKLHEEEIQELQAQIQEQHVQIDVDVSKPDLTAALRDVRQQYESVAAKNLQEAEEWYKSKFADLSEAANRNNDALRQAKQESTEYRRQVQSLTCEVDALKGTNESLERQMREMEENFAVEAANYQDTIGRLQDEIQNMKEEMARHLREYQDLLNVKMALDIEIATYRKLLEGEESRISLPLPNFSSLNLRETNLDSLPLVDTHSKRTLLIKTVETRDGQVINETSQHHDDLE,466,-139,1,328,1,VQSLTCEVDAL,,,,VQSLTCEVDAL
P10176,sp|P10176|COX8A_HUMAN,MSVLTPLLLRGLTGSARRLPVPRAKIHSLPPEGKLGIMELAVGLTSCFVTFLLPAGWILSHLETYRRPE,69,-23,1,47,1,VGLTSCFVTFL,,,,VGLTSCFVTFL
P13073,sp|P13073|COX41_HUMAN,MLATRVFSLVGKRAISTSVCVRAHESVVKSEDFSLPAYMDRRDHPLPEVAHVKHLSASQKALKEKEKASWSSLSMDEKVELYRIKFKESFAEMNRGSNEWKTVVGGAMFFIGFTALVIMWQKHYVYGPLPQSFDKEWVAKQTKRMLDMKVNPIQGLASKWDYEKNEWKK,169,-150,1,20,1,ISTSVCVRAHE,,,,ISTSVCVRAHE
P13987,sp|P13987|CD59_HUMAN,MGIQGGSVLFGLLLVLAVFCHSGHSLQCYNCPNPTADCKTAVNCSSDFDACLITKAGLQVYNKCWKFEHCNFNDVTTRLRENELTYYCCKKDLCNFNEQLENGGTSLSEKTVLLLVTPFLAAAWSLHP,128,-109,1,20,11,VLAVFCHSGHS,,,,VLAVFCHSGHS
P14209,sp|P14209|CD99_HUMAN,MARGAALALLLFGLLGVLVAAPDGGFDLSDALPDNENKKPTAIPKKPSAGDDFDLGDAVVDGENDDPRPPNPPKPMPNPNPNHPSSSGSFSDADLADGVSGGEGKGGSDGGGSHRKEGEEADAPGVIPGIVGAVVVAVAGAISSFIAYQKKKLCFKENAEQGEVDMESHRNANAEPAVQRTLLEK,185,-32,1,154,1,QKKKLCFKENA,,,,QKKKLCFKENA
P15954,sp|P15954|COX7C_HUMAN,MLGQSIRRFTTSVVRRSHYEEGPGKNLPFSVENKWSLLAKMCLYFGSAFATPFLVVRHQLLKT,63,-22,1,42,1,LLAKMCLYFGS,,,,LLAKMCLYFGS
P19484,sp|P19484|TFEB_HUMAN,MASRIGLRMQLMREQAQQEEQRERMQQQAVMHYMQQQQQQQQQQLGGPPTPAINTPVHFQSPPPVPGEVLKVQSYLENPTSYHLQQSQHQKVREYLSETYGNKFAAHISPAQGSPKPPPAASPGVRAGHVLSSSAGNSAPNSPMAMLHIGSNPERELDDVIDNIMRLDDVLGYINPEMQMPNTLPLSSSHLNVYSSDPQVTASLVGVTSSSCPADLTQKRELTDAESRALAKERQKKDNHNLIERRRRFNINDRIKELGMLIPKANDLDVRWNKGTILKASVDYIRRMQKDLQKSRELENHSRRLEMTNKQLWLRIQELEMQARVHGLPTTSPSGMNMAELAQQVVKQELPSEEGPGEALMLGAEVPDPEPLPALPPQAPLPLPTQPPSPFHHLDFSHSLSFGGREDEGPPGYPEPLAPGHGSPFPSLSKKDLDLMLLDDSLLPLASDPLLSTMSPEASKASSRRSSFSMEEGDVL,476,-265,1,212,1,VTSSSCPADLT,,,,VTSSSCPADLT
P19532,sp|P19532|TFE3_HUMAN,MSHAAEPARDGVEASAEGPRAVFVLLEERRPADSAQLLSLNSLLPESGIVADIELENVLDPDSFYELKSQPLPLRSSLPISLQATPATPATLSASSSAGGSRTPAMSSSSSSRVLLRQQLMRAQAQEQERRERREQAAAAPFPSPAPASPAISVVGVSAGGHTLSRPPPAQVPREVLKVQTHLENPTRYHLQQARRQQVKQYLSTTLGPKLASQALTPPPGPASAQPLPAPEAAHTTGPTGSAPNSPMALLTIGSSSEKEIDDVIDEIISLESSYNDEMLSYLPGGTTGLQLPSTLPVSGNLLDVYSSQGVATPAITVSNSCPAELPNIKREISETEAKALLKERQKKDNHNLIERRRRFNINDRIKELGTLIPKSSDPEMRWNKGTILKASVDYIRKLQKEQQRSKDLESRQRSLEQANRSLQLRIQELELQAQIHGLPVPPTPGLLSLATTSASDSLKPEQLDIEEEGRPGAATFHVGGGPAQNAPHQQPPAPPSDALLDLHFPSDHLGDLGDPFHLGLEDILMEEEEGVVGGLSGGALSPLRAASDPLLSSVSPAVSKASSRRSSFSMEEES,575,-254,1,322,1,TVSNSCPAELP,,,,TVSNSCPAELP
P20963,sp|P20963|CD3Z_HUMAN,MKWKALFTAAILQAQLPITEAQSFGLLDPKLCYLLDGILFIYGVILTALFLRVKFSRSADAPAYQQGQNQLYNELNLGRREEYDVLDKRRGRDPEMGGKPQRRKNPQEGLYNELQKDKMAEAYSEIGMKGERRRGKGHDGLYQGLSTATKDTYDALHMQALPPR,164,-133,1,32,1,LDPKLCYLLDG,,,,LDPKLCYLLDG
P24539,sp|P24539|AT5F1_HUMAN,MLSRVVLSAAATAAPSLKNAAFLGPGVLQATRTFHTGQPHLVPVPPLPEYGGKVRYGLIPEEFFQFLYPKTGVTGPYVLGTGLILYALSKEIYVISAETFTALSVLGVMVYGIKKYGPFVADFADKLNEQKLAQLEEAKQASIQHIQNAIDTEKSQQALVQKRHYLFDVQRNNIAMALEVTYRERLYRVYKEVKNRLDYHISVQNMMRRKEQEHMINWVEKHVVQSISTQQEKETIAKCIADLKLLAKKAQAQPVM,256,-18,1,239,1,ETIAKCIADLK,,,,ETIAKCIADLK
P25815,sp|P25815|S100P_HUMAN,MTELETAMGMIIDVFSRYSGSEGSTQTLTKGELKVLMEKELPGFLQSGKDKDAVDKLLKDLDANGDAQVDFSEFIVFVAAITSACHKYFEKAGLK,95,-11,1,85,1,AITSACHKYFE,,,,AITSACHKYFE
P35232,sp|P35232|PHB1_HUMAN,MAAKVFESIGKFGLALAVAGGVVNSALYNVDAGHRAVIFDRFRGVQDIVVGEGTHFLIPWVQKPIIFDCRSRPRNVPVITGSKDLQNVNITLRILFRPVASQLPRIFTSIGEDYDERVLPSITTEILKSVVARFDAGELITQRELVSRQVSDDLTERAATFGLILDDVSLTHLTFGKEFTEAVEAKQVAQQEAERARFVVEKAEQQKKAAIISAEGDSKAAELIANSLATAGDGLIELRKLEAAEDIAYQLSRSRNITYLPAGQSVLLQLPQ,272,-204,1,69,1,PIIFDCRSRPR,,,,PIIFDCRSRPR
P35613,sp|P35613|BASI_HUMAN,MAAALFVLLGFALLGTHGASGAAGFVQAPLSQQRWVGGSVELHCEAVGSPVPEIQWWFEGQGPNDTCSQLWDGARLDRVHIHATYHQHAASTISIDTLVEEDTGTYECRASNDPDRNHLTRAPRVKWVRAQAVVLVLEPGTVFTTVEDLGSKILLTCSLNDSATEVTGHRWLKGGVVLKEDALPGQKTEFKVDSDDQWGEYSCVFLPEPMGTANIQLHGPPRVKAVKSSEHINEGETAMLVCKSESVPPVTDWAWYKITDSEDKALMNGSESRFFVSSSQGRSELHIENLNMEADPGQYRCNGTSSKGSDQAIITLRVRSHLAALWPFLGIVAEVLVLVTIIFIYEKRRKPEDVLDDDDAGSAPLKSSGQHQNDKGKNVRQRNSS,385,-319,1,67,7,GPNDTCSQLWD,,,,GPNDTCSQLWD
P36543,sp|P36543|VATE1_HUMAN,MALSDADVQKQIKHMMAFIEQEANEKAEEIDAKAEEEFNIEKGRLVQTQRLKIMEYYEKKEKQIEQQKKIQMSNLMNQARLKVLRARDDLITDLLNEAKQRLSKVVKDTTRYQVLLDGLVLQGLYQLLEPRMIVRCRKQDFPLVKAAVQKAIPMYKIATKNDVDVQIDQESYLPEDIAGGVEIYNGDRKIKVSNTLESRLDLIAQQMMPEVRGALFGANANRKFLD,226,-91,1,136,1,RMIVRCRKQDF,,,,RMIVRCRKQDF
P40199,sp|P40199|CEAM6_HUMAN,MGPPSAPPCRLHVPWKEVLLTASLLTFWNPPTTAKLTIESTPFNVAEGKEVLLLAHNLPQNRIGYSWYKGERVDGNSLIVGYVIGTQQATPGPAYSGRETIYPNASLLIQNVTQNDTGFYTLQVIKSDLVNEEATGQFHVYPELPKPSISSNNSNPVEDKDAVAFTCEPEVQNTTYLWWVNGQSLPVSPRLQLSNGNMTLTLLSVKRNDAGSYECEIQNPASANRSDPVTLNVLYGPDVPTISPSKANYRPGENLNLSCHAASNPPAQYSWFINGTFQQSTQELFIPNITVNNSGSYMCQAHNSATGLNRTTVTMITVSGSAPVLSAVATVGITIGVLARVALI,344,-336,1,9,5,PSAPPCRLHVP,,,,PSAPPCRLHVP
P49006,sp|P49006|MRP_HUMAN,MGSQSSKAPRGDVTAEEAAGASPAKANGQENGHVKSNGDLSPKGEGESPPVNGTDEAAGATGDAIEPAPPSQGAEAKGEVPPKETPKKKKKFSFKKPFKLSGLSFKRNRKEGGGDSSASSPTEEEQEQGEIGACSDEGTAQEGKAAATPESQEPQAKGAEASAASEEEAGPQATEPSTPSGPESGPTPASAEQNE,195,-62,1,134,1,GEIGACSDEGT,,,,GEIGACSDEGT
P51572,sp|P51572|BAP31_HUMAN,MSLQWTAVATFLYAEVFVVLLLCIPFISPKRWQKIFKSRLVELLVSYGNTFFVVLIVILVLLVIDAVREIRKYDDVTEKVNLQNNPGAMEHFHMKLFRAQRNLYIAGFSLLLSFLLRRLVTLISQQATLLASNEAFKKQAESASEAAKKYMEENDQLKKGAAVDGGKLDVGNAEVKLEEENRSLKADLQKLKDELASTKQKLEKAENQVLAMRKQSEGLTKEYDRLLEEHAKLQAAVDGPMDKKEE,246,-224,1,23,1,VVLLLCIPFIS,,,,VVLLLCIPFIS
P60520,sp|P60520|GBRL2_HUMAN,MKWMFKEDHSLEHRCVESAKIRAKYPDRVPVIVEKVSGSQIVDIDKRKYLVPSDITVAQFMWIIRKRIQLPSEKAIFLFVDKTVPQSSLTMGQLYEKEKDEDGFLYVAYSGENTFGF,117,-103,1,15,1,SLEHRCVESAK,,,,SLEHRCVESAK
P61009,sp|P61009|SPCS3_HUMAN,MNTVLSRANSLFAFSLSVMAALTFGCFITTAFKDRSVPVRLHVSRIMLKNVEDFTGPRERSDLGFITFDITADLENIFDWNVKQLFLYLSAEYSTKNNALNQVVLWDKIVLRGDNPKLLLKDMKTKYFFFDDGNGLKGNRNVTLTLSWNVVPNAGILPLVTGSGHVSVPFPDTYEITKSY,180,-155,1,26,1,ALTFGCFITTA,,,,ALTFGCFITTA
P61923,sp|P61923|COPZ1_HUMAN,MEALILEPSLYTVKAILILDNDGDRLFAKYYDDTYPSVKEQKAFEKNIFNKTHRTDSEIALLEGLTVVYKSSIDLYFYVIGSSYENELMLMAVLNCLFDSLSQMLRKNVEKRALLENMEGLFLAVDEIVDGGVILESDPQQVVHRVALRGEDVPLTEQTVSQVLQSAKEQIKWSLLR,177,-82,1,96,1,MAVLNCLFDSL,,,,MAVLNCLFDSL
P62942,sp|P62942|FKB1A_HUMAN,MGVQVETISPGDGRTFPKRGQTCVVHYTGMLEDGKKFDSSRDRNKPFKFMLGKQEVIRGWEEGVAQMSVGQRAKLTISPDYAYGATGHPGIIPPHATLVFDVELLKLE,108,-86,1,23,1,KRGQTCVVHYT,,,,KRGQTCVVHYT
P63146,sp|P63146|UBE2B_HUMAN,MSTPARRRLMRDFKRLQEDPPVGVSGAPSENNIMQWNAVIFGPEGTPFEDGTFKLVIEFSEEYPNKPPTVRFLSKMFHPNVYADGSICLDILQNRWSPTYDVSSILTSIQSLLDEPNPNSPANSQAAQLYQENKREYEKRVSAIVEQSWNDS,152,-65,1,88,1,ADGSICLDILQ,,,,ADGSICLDILQ
P63165,sp|P63165|SUMO1_HUMAN,MSDQEAKPSTEDLGDKKEGEYIKLKVIGQDSSEIHFKVKMTTHLKKLKESYCQRQGVPMNSLRFLFEGQRIADNHTPKELGMEEEDVIEVYQEQTGGHSTV,101,-50,1,52,1,LKESYCQRQGV,,,,LKESYCQRQGV
P78537,sp|P78537|BL1S1_HUMAN,MAPGSRGERSSFRSRRGPGVPSPQPDVTMLSRLLKEHQAKQNERKELQEKRRREAITAATCLTEALVDHLNVGVAQAYMNQRKLDHEVKTLQVQAAQFAKQTGQWIGMVENFNQALKEIGDVENWARSIELDMRTIATALEYVYKGQLQSAPS,153,-93,1,61,1,ITAATCLTEAL,,,,ITAATCLTEAL
P84077,sp|P84077|ARF1_HUMAN,MGNIFANLFKGLFGKKEMRILMVGLDAAGKTTILYKLKLGEIVTTIPTIGFNVETVEYKNISFTVWDVGGQDKIRPLWRHYFQNTQGLIFVVDSNDRERVNEAREELMRMLAEDELRDAVLLVFANKQDLPNAMNAAEITDKLGLHSLRHRNWYIQATCATSGDGLYEGLDWLSNQLRNQK,181,-23,1,159,1,YIQATCATSGD,,,,YIQATCATSGD
Q06643,sp|Q06643|TNFC_HUMAN,MGALGLEGRGGRLQGRGSLLLAVAGATSLVTLLLAVPITVLAVLALVPQDQGGLVTETADPGAQAQQGLGFQKLPEEEPETDLSPGLPAAHLIGAPLKGQGLGWETTKEQAFLTSGTQFSDAEGLALPQDGLYYLYCLVGYRGRAPPGGGDPQGRSVTLRSSLYRAGGAYGPGTPELLLEGAETVTPVLDPARRQGYGPLWYTSVGFGGLVQLRRGERVYVNISHPDMVDFARGKTFFGAVMVG,244,-108,1,137,1,LYYLYCLVGYR,,,,LYYLYCLVGYR
Q07817,sp|Q07817|B2CL1_HUMAN,MSQSNRELVVDFLSYKLSQKGYSWSQFSDVEENRTEAPEGTESEMETPSAINGNPSWHLADSPAVNGATGHSSSLDAREVIPMAAVKQALREAGDEFELRYRRAFSDLTSQLHITPGTAYQSFEQVVNELFRDGVNWGRIVAFFSFGGALCVESVDKEMQVLVSRIAAWMATYLNDHLEPWIQENGGWDTFVELYGNNAAAESRKGQERFNRWFLTGMTVAGVVLLGSLFSRK,233,-83,1,151,1,FGGALCVESVD,,,,FGGALCVESVD
Q12983,sp|Q12983|BNIP3_HUMAN,MSQNGAPGMQEESLQGSWVELHFSNNGNGGSVPASVSIYNGDMEKILLDAQHESGRSSSKSSHCDSPPRSQTPQDTNRASETDTHSIGEKNSSQSEEDDIERRKEVESILKKNSDWIWDWSSRPENIPPKEFLFKHPKRTATLSMRNTSVMKKGGIFSAEFLKVFLPSLLLSHLLAIGLGIYIGRRLTTSTSTF,194,-131,1,64,1,SKSSHCDSPPR,,,,SKSSHCDSPPR
Q14677,sp|Q14677|EPN4_HUMAN,MLNMWKVRELVDKATNVVMNYSEIESKVREATNDDPWGPSGQLMGEIAKATFMYEQFPELMNMLWSRMLKDNKKNWRRVYKSLLLLAYLIRNGSERVVTSAREHIYDLRSLENYHFVDEHGKDQGINIRQKVKELVEFAQDDDRLREERKKAKKNKDKYVGVSSDSVGGFRYSERYDPEPKSKWDEEWDKNKSAFPFSDKLGELSDKIGSTIDDTISKFRRKDREDSPERCSDSDEEKKARRGRSPKGEFKDEEETVTTKHIHITQATETTTTRHKRTANPSKTIDLGAAAHYTGDKASPDQNASTHTPQSSVKTSVPSSKSSGDLVDLFDGTSQSTGGSADLFGGFADFGSAAASGSFPSQVTATSGNGDFGDWSAFNQAPSGPVASSGEFFGSASQPAVELVSGSQSALGPPPAASNSSDLFDLMGSSQATMTSSQSMNFSMMSTNTVGLGLPMSRSQNTDMVQKSVSKTLPSTWSDPSVNISLDNLLPGMQPSKPQQPSLNTMIQQQNMQQPMNVMTQSFGAVNLSSPSNMLPVRPQTNALIGGPMPMSMPNVMTGTMGMAPLGNTPMMNQSMMGMNMNIGMSAAGMGLTGTMGMGMPNIAMTSGTVQPKQDAFANFANFSK,625,-395,1,231,1,DSPERCSDSDE,,,,DSPERCSDSDE
Q15836,sp|Q15836|VAMP3_HUMAN,MSTGPTAATGSNRRLQQTQNQVDEVVDIMRVNVDKVLERDQKLSELDDRADALQAGASQFETSAAKLKRKYWWKNCKMWAIGITVLVIFIIIIIVWVVSS,100,-25,1,76,1,YWWKNCKMWAI,,,,YWWKNCKMWAI
Q15904,sp|Q15904|VAS1_HUMAN,MMAAMATARVRMGPRCAQALWRMPWLPVFLSLAAAAAAAAAEQQVPLVLWSSDRDLWAPAADTHEGHITSDLQLSTYLDPALELGPRNVLLFLQDKLSIEDFTAYGGVFGNKQDSAFSNLENALDLAPSSLVLPAVDWYAVSTLTTYLQEKLGASPLHVDLATLRELKLNASLPALLLIRLPYTASSGLMAPREVLTGNDEVIGQVLSTLKSEDVPYTAALTAVRPSRVARDVAVVAGGLGRQLLQKQPVSPVIHPPVSYNDTAPRILFWAQNFSVAYKDQWEDLTPLTFGVQELNLTGSFWNDSFARLSLTYERLFGTTVTFKFILANRLYPVSARHWFTMERLEVHSNGSVAYFNASQVTGPSIYSFHCEYVSSLSKKGSLLVARTQPSPWQMMLQDFQIQAFNVMGEQFSYASDCASFFSPGIWMGLLTSLFMLFIFTYGLHMILSLKTMDRFDDHKGPTISLTQIV,470,-455,1,16,3,RMGPRCAQALW,,,,RMGPRCAQALW
Q16718,sp|Q16718|NDUA5_HUMAN,MAGVLKKTTGLVGLAVCNTPHERLRILYTKILDVLEEIPKNAAYRKYTEQITNEKLAMVKAEPDVKKLEDQLQGGQLEEVILQAEHELNLARKMREWKLWEPLVEEPPADQWKWPI,116,-100,1,17,1,VGLAVCNTPHE,,,,VGLAVCNTPHE
Q69YU5,sp|Q69YU5|UQCC6_HUMAN,MPAGVPMSTYLKMFAASLLAMCAGAEVVHRYYRPDLTIPEIPPKRGELKTELLGLKERKHKPQVSQQEELK,71,-50,1,22,1,SLLAMCAGAEV,,,,SLLAMCAGAEV
Q6QNY1,sp|Q6QNY1|BL1S2_HUMAN,MAAAAEGVLATRSDEPARDDAAVETAEEAKEPAEADITELCRDMFSKMATYLTGELTATSEDYKLLENMNKLTSLKYLEMKDIAINISRNLKDLNQKYAGLQPYLDQINVIEEQVAALEQAAYKLDAYSKKLEAKYKKLEKR,142,-102,1,41,1,DITELCRDMFS,,,,DITELCRDMFS
Q7Z4J2,sp|Q7Z4J2|GL6D1_HUMAN,MNSKRMLLLVLFAFSLMLVERYFRNHQVEELRLSDWFHPRKRPDVITKTDWLAPVLWEGTFDRRVLEKHYRRRNITVGLAVFATGRFAEEYLRPFLHSANKHFMTGYRVIFYIMVDAFFKLPDIEPSPLRTFKAFKVGTERWWLDGPLVHVKSLGEHIASHIQDEVDFLFSMAANQVFQNEFGVETLGPLVAQLHAWWYFRNTKNFPYERRPTSAACIPFGQGDFYYGNLMVGGTPHNILDFIKEYLNGVIHDIKNGLNSTYEKHLNKYFYLNKPT,276,-60,1,217,1,PTSAACIPFGQ,,,,PTSAACIPFGQ
Q86UE4,sp|Q86UE4|LYRIC_HUMAN,MAARSWQDELAQQAEEGSARLREMLSVGLGFLRTELGLDLGLEPKRYPGWVILVGTGALGLLLLFLLGYGWAAACAGARKKRRSPPRKREEAAAVPAAAPDDLALLKNLRSEEQKKKNRKKLSEKPKPNGRTVEVAEGEAVRTPQSVTAKQPPEIDKKNEKSKKNKKKSKSDAKAVQNSSRHDGKEVDEGAWETKISHREKRQQRKRDKVLTDSGSLDSTIPGIENTITVTTEQLTTASFPVGSKKNKGDSHLNVQVSNFKSGKGDSTLQVSSGLNENLTVNGGGWNEKSVKLSSQISAGEEKWNSVSPASAGKRKTEPSAWSQDTGDANTNGKDWGRSWSDRSIFSGIGSTAEPVSQSTTSDYQWDVSRNQPYIDDEWSGLNGLSSADPNSDWNAPAEEWGNWVDEERASLLKSQEPIPDDQKVSDDDKEKGEGALPTGKSKKKKKKKKKQGEDNSTAQDTEELEKEIREDLPVNTSKTRPKQEKAFSLKTISTSDPAEVLVKNSQPIKTLPPATSTEPSVILSKSDSDKSSSQVPPILQETDKSKSNTKQNSVPPSQTKSETSWESPKQIKKKKKARRET,582,-508,1,75,1,GWAAACAGARK,,,,GWAAACAGARK
Q8WTT0,sp|Q8WTT0|CLC4C_HUMAN,MVPEEEPQDREKGLWWFQLKVWSMAVVSILLLSVCFTVSSVVPHNFMYSKTVKRLSKLREYQQYHPSLTCVMEGKDIEDWSCCPTPWTSFQSSCYFISTGMQSWTKSQKNCSVMGADLVVINTREEQDFIIQNLKRNSSYFLGLSDPGGRRHWQWVDQTPYNENVTFWHSGEPNNLDERCAIINFRSSEEWGWNDIHCHVPQKSICKMKKIYI,213,-179,1,35,9,LLLSVCFTVSS,,,,LLLSVCFTVSS
Q96A49,sp|Q96A49|SYAP1_HUMAN,MFRGLSSWLGLQQPVAGGGQPNGDAPPEQPSETVAESAEEELQQAGDQELLHQAKDFGNYLFNFASAATKKITESVAETAQTIKKSVEEGKIDGIIDKTIIGDFQKEQKKFVEEQHTKKSEAAVPPWVDTNDEETIQQQILALSADKRNFLRDPPAGVQFNFDFDQMYPVALVMLQEDELLSKMRFALVPKLVKEEVFWRNYFYRVSLIKQSAQLTALAAQQQAAGKEEKSNGREQDLPLAEAVRPKTPPVVIKSQLKTQEDEEEISTSPGVSEFVSDAFDACNLNQEDLRKEMEQLVLDKKQEETAVLEEDSADWEKELQQELQEYEVVTESEKRDENWDKEIEKMLQEEN,352,-70,1,283,1,DAFDACNLNQE,,,,DAFDACNLNQE
Q96B45,sp|Q96B45|BORC7_HUMAN,MMATGTPESQARFGQSVKGLLTEKVTTCGTDVIALTKQVLKGSRSSELLGQAARNMVLQEDAILHSEDSLRKMAIITTHLQYQQEAIQKNVEQSSDLQDQLNHLLK,106,-79,1,28,1,EKVTTCGTDVI,,,,EKVTTCGTDVI
Q96FH0,sp|Q96FH0|BORC8_HUMAN,MEEPEMQLKGKKVTDKFTESVYVLANEPSVALYRLQEHVRRSLPELAQHKADMQRWEEQSQGAIYTVEYACSAVKNLVDSSVYFRSVEGLLKQAISIRDHMNASAQGHSPEEPPPPSSA,119,-49,1,71,1,TVEYACSAVKN,,,,TVEYACSAVKN
Q9BV57,sp|Q9BV57|MTND_HUMAN,MVQAWYMDDAPGDPRQPHRPDPGRPVGLEQLRRLGVLYWKLDADKYENDPELEKIRRERNYSWMDIITICKDKLPNYEEKIKMFYEEHLHLDDEIRYILDGSGYFDVRDKEDQWIRIFMEKGDMVTLPAGIYHRFTVDEKNYTKAMRLFVGEPVWTAYNRPADHFEARGQYVKFLAQTA,179,-110,1,70,1,DIITICKDKLP,,,,DIITICKDKLP
Q9GZY8,sp|Q9GZY8|MFF_HUMAN,MSKGTSSDTSLGRVSRAAFPSPTAAEMAEISRIQYEMEYTEGISQRMRVPEKLKVAPPNADLEQGFQEGVPNASVIMQVPERIVVAGNNEDVSFSRPADLDLIQSTPFKPLALKTPPRVLTLSERPLDFLDLERPPTTPQNEEIRAVGRLKRERSMSENAVRQNGQLVRNDSLWHRSDSAPRNKISRFQAPISAPEYTVTPSPQQARVCPPHMLPEDGANLSSARGILSLIQSSTRRAYQQILDVLDENRRPVLRGGSAAATSNPHHDNVRYGISNIDTTIEGTSDDLTVVDAASLRRQIIKLNRRLQLLEEENKERAKREMVMYSITVAFWLLNSWLWFRR,342,-134,1,209,1,QQARVCPPHML,,,,QQARVCPPHML
Q9H299,sp|Q9H299|SH3L3_HUMAN,MSGLRVYSTSVTGSREIKSQQSEVTRILDGKRIQYQLVDISQDNALRDEMRALAGNPKATPPQIVNGDQYCGDYELFVEAVEQNTLQEFLKLA,93,-23,1,71,1,NGDQYCGDYEL,,,,NGDQYCGDYEL
Q9H4A5,sp|Q9H4A5|GLP3L_HUMAN,MTTLTHRARRTEISKNSEKKMESEEDSNWEKSPDNEDSGDSKDIRLTLMEEVLLLGLKDKEGYTSFWNDCISSGLRGGILIELAMRGRIYLEPPTMRKKRLLDRKVLLKSDSPTGDVLLDETLKHIKATEPTETVQTWIELLTGETWNPFKLQYQLRNVRERIAKNLVEKGILTTEKQNFLLFDMTTHPVTNTTEKQRLVKKLQDSVLERWVNDPQRMDKRTLALLVLAHSSDVLENVFSSLTDDKYDVAMNRAKDLVELDPEVEGTKPSATEMIWAVLAAFNKS,285,-216,1,70,1,SFWNDCISSGL,,,,SFWNDCISSGL
Q9H4M9,sp|Q9H4M9|EHD1_HUMAN,MFSWVSKDARRKKEPELFQTVAEGLRQLYAQKLLPLEEHYRFHEFHSPALEDADFDNKPMVLLVGQYSTGKTTFIRHLIEQDFPGMRIGPEPTTDSFIAVMHGPTEGVVPGNALVVDPRRPFRKLNAFGNAFLNRFMCAQLPNPVLDSISIIDTPGILSGEKQRISRGYDFAAVLEWFAERVDRIILLFDAHKLDISDEFSEVIKALKNHEDKIRVVLNKADQIETQQLMRVYGALMWSLGKIINTPEVVRVYIGSFWSHPLLIPDNRKLFEAEEQDLFKDIQSLPRNAALRKLNDLIKRARLAKVHAYIISSLKKEMPNVFGKESKKKELVNNLGEIYQKIEREHQISPGDFPSLRKMQELLQTQDFSKFQALKPKLLDTVDDMLANDIARLMVMVRQEESLMPSQVVKGGAFDGTMNGPFGHGYGEGAGEGIDDVEWVVGKDKPTYDEIFYTLSPVNGKITGANAKKEMVKSKLPNTVLGKIWKLADVDKDGLLDDEEFALANHLIKVKLEGHELPADLPPHLVPPSKRRHE,534,-397,1,138,1,LNRFMCAQLPN,,,,LNRFMCAQLPN
Q9H9H4,sp|Q9H9H4|VP37B_HUMAN,MAGAGSEARFAGLSLVQLNELLEDEGQLTEMVQKMEETQNVQLNKEMTLASNRSLAEGNLLYQPQLDTLKARLTQKYQELQVLFEAYQIKKTKLDRQSSSASLETLLALLQAEGAKIEEDTENMAEKFLDGELPLDSFIDVYQSKRKLAHMRRVKIEKLQEMVLKGQRLPQALAPLPPRLPELAPTAPLPYPAPEASGPPAVAPRRIPPPPPPVPAGRLATPFTAAMSSGQAVPYPGLQCPPLPPRVGLPTQQGFSSQFVSPYPPPLPQRPPPRLPPHQPGFILQ,285,-46,1,240,1,YPGLQCPPLPP,,,,YPGLQCPPLPP
Q9HD42,sp|Q9HD42|CHM1A_HUMAN,MDDTLFQLKFTAKQLEKLAKKAEKDSKAEQAKVKKALLQKNVECARVYAENAIRKKNEGVNWLRMASRVDAVASKVQTAVTMKGVTKNMAQVTKALDKALSTMDLQKVSSVMDRFEQQVQNLDVHTSVMEDSMSSATTLTTPQEQVDSLIMQIAEENGLEVLDQLSQLPEGASAVGESSVRSQEDQLSRRLAALRN,196,-153,1,44,1,QKNVECARVYA,,,,QKNVECARVYA
Q9NQA3,sp|Q9NQA3|WASH6_HUMAN,MAFHEMQAHKNALGTSGEQQAADITGPTPHQGGWKQVEQSRSQVQAIGEKVSLAQAKIEKIKGSKKAIKVFSSAKYPAPERLQEYGSIFTGAQDPGLQRRPRHRIQSKHRPLDERALQEKLKDFPVCVSTKPEPEDDAEEGLGGLPSNISSVSSLLLFNTTENLYKKYVFLDPLAGAVTKTHVMLGAETEEKLFDAPLSISKREQLEQQVPENYFYVPDLGQVPEIDVPSYLPDLPSIANDLMYSADLGPGIAPSAPGTIPELPTFHTEVAEPLKADLQDGVLTPPPPPPPPPPAPEVLASAPPLPPSTAAPVGQGARQDDGSSSASPSVQGAPREVVDPSGGWATLLESIRQAGGIGKAKLRSMKERKLEKKKQKEQEQVRATSQGGHLMSDLFNKLVMRRKGISGKGPGAGEGPGGAFARVSDSIPPVPPPQQPQAEEDEDDWES,447,-321,1,127,1,KDFPVCVSTKP,,,,KDFPVCVSTKP
Q9NRS6,sp|Q9NRS6|SNX15_HUMAN,MSRQAKDDFLRHYTVSDPRTHPKGYTEYKVTAQFISKKDPEDVKEVVVWKRYSDFRKLHGDLAYTHRNLFRRLEEFPAFPRAQVFGRFEASVIEERRKGAEDLLRFTVHIPALNNSPQLKEFFRGGEVTRPLEVSRDLHILPPPLIPTPPPDDPRLSQLLPAERRGLEELEVPVDPPPSSPAQEALDLLFNCESTEEASGSPARGPLTEAELALFDPFSKEEGAAPSPTHVAELATMEVESARLDQEPWEPGGQEEEEDGEGGPTPAYLSQATELITQALRDEKAGAYAAALQGYRDGVHVLLQGVPSDPLPARQEGVKKKAAEYLKRAEEILRLHLSQLPP,342,-151,1,192,1,DLLFNCESTEE,,,,DLLFNCESTEE
Q9NX63,sp|Q9NX63|MIC19_HUMAN,MGGTTSTRRVTFEADENENITVVKGIRLSENVIDRMKESSPSGSKSQRYSGAYGASVSDEELKRRVAEELALEQAKKESEDQKRLKQAKELDRERAAANEQLTRAILRERICSEEERAKAKHLARQLEEKDRVLKKQDAFYKEQLARLEERSSEFYRVTTEQYQKAAEEVEAKFKRYESHPVCADLQAKILQCYRENTHQTLKCSALATQYMHCVNHAKQSMLEKGG,227,-116,1,112,5,LRERICSEEER,,,,LRERICSEEER
Q9NZZ3,sp|Q9NZZ3|CHMP5_HUMAN,MNRLFGKAKPKAPPPSLTDCIGTVDSRAESIDKKISRLDAELVKYKDQIKKMREGPAKNMVKQKALRVLKQKRMYEQQRDNLAQQSFNMEQANYTIQSLKDTKTTVDAMKLGVKEMKKAYKQVKIDQIEDLQDQLEDMMEDANEIQEALSRSYGTPELDEDDLEAELDALGDELLADEDSSYLDEAASAPAIPEGVPTDTKNKDGVLVDEFGLPQIPAS,219,-200,1,20,1,PSLTDCIGTVD,,,,PSLTDCIGTVD
Q9P032,sp|Q9P032|NDUF4_HUMAN,MGALVIRGIRNFNLENRAEREISKMKPSVAPRHPSTNSLLREQISLYPEVKGEIARKDEKLLSFLKDVYVDSKDPVSSLQVKAAETCQEPKEFRLPKDHHFDMINIKSIPKGKISIVEALTLLNNHKLFPETWTAEKIMQEYQLEQKDVNSLLKYFVTFEVEIFPPEDKKAIRSK,175,-89,1,87,1,KAAETCQEPKE,,,,KAAETCQEPKE
Q9UHA4,sp|Q9UHA4|LTOR3_HUMAN,MADDLKRFLYKKLPSVEGLHAIVVSDRDGVPVIKVANDNAPEHALRPGFLSTFALATDQGSKLGLSKNKSIICYYNTYQVVQFNRLPLVVSFIASSSANTGLIVSLEKELAPLFEELRQVVEVS,124,-52,1,73,1,NKSIICYYNTY,,,,NKSIICYYNTY
Q9ULZ3,sp|Q9ULZ3|ASC_HUMAN,MGRARDAILDALENLTAEELKKFKLKLLSVPLREGYGRIPRGALLSMDALDLTDKLVSFYLETYGAELTANVLRDMGLQEMAGQLQAATHQGSGAAPAGIQAPPQSAAKPGLHFIDQHRAALIARVTNVEWLLDALYGKVLTDEQYQAVRAEPTNPSKMRKLFSFTPAWNWTCKDLLLQALRESQSYLVEDLERS,195,-23,1,173,1,AWNWTCKDLLL,,,,AWNWTCKDLLL
Q9UQN3,sp|Q9UQN3|CHM2B_HUMAN,MASLFKKKTVDDVIKEQNRELRGTQRAIIRDRAALEKQEKQLELEIKKMAKIGNKEACKVLAKQLVHLRKQKTRTFAVSSKVTSMSTQTKVMNSQMKMAGAMSTTAKTMQAVNKKMDPQKTLQTMQNFQKENMKMEMTEEMINDTLDDIFDGSDDEEESQDIVNQVLDEIGIEISGKMAKAPSAARSLPSASTSKATISDEEIERQLKALGVD,213,-156,1,58,1,GNKEACKVLAK,,,,GNKEACKVLAK
Q9Y244,sp|Q9Y244|POMP_HUMAN,MNARGLGSELKDSIPVTELSASGPFESHDLLRKGFSCVKNELLPSHPLELSEKNFQLNQDKMNFSTLRNIQGLFAPLKLQMEFKAVQQVQRLPFLSSSNLSLDVLRGNDETIGFEDILNDPSQSEVMGEPHLMVEYKLGLL,141,-105,1,37,1,RKGFSCVKNEL,,,,RKGFSCVKNEL
Q9Y2Y0,sp|Q9Y2Y0|AR2BP_HUMAN,MDALEGESFALSFSSASDAEFDAVVGYLEDIIMDDEFQLLQRNFMDKYYLEFEDTEENKLIYTPIFNEYISLVEKYIEEQLLQRIPEFNMAAFTTTLQHHKDEVAGDIFDMLLTFTDFLAFKEMFLDYRAEKEGRGLDLSSGLVVTSLCKSSSLPASQNNLRH,163,-15,1,149,1,VVTSLCKSSSL,,,,VVTSLCKSSSL
Q9Y3D6,sp|Q9Y3D6|FIS1_HUMAN,MEAVLNELVSVEDLLKFEKKFQSEKAAGSVSKSTQFEYAWCLVRSKYNDDIRKGIVLLEELLPKGSKEEQRDYVFYLAVGNYRLKEYEKALKYVRGLLQTEPQNNQAKELERLIDKAMKKDGLVGMAIVGGMALGVAGLAGLIGLAVSKSKS,152,-112,1,41,1,FEYAWCLVRSK,,,,FEYAWCLVRSK
Q9Y3E7,sp|Q9Y3E7|CHMP3_HUMAN,MGLFGKTQEKPPKELVNEWSLKIRKEMRVVDRQIRDIQREEEKVKRSVKDAAKKGQKDVCIVLAKEMIRSRKAVSKLYASKAHMNSVLMGMKNQLAVLRVAGSLQKSTEVMKAMQSLVKIPEIQATMRELSKEMMKAGIIEEMLEDTFESMDDQEEMEEEAEMEIDRILFEITAGALGKAPSKVTDALPEPEPPGAMAASEDEEEEEEALEAMQSRLATLRS,222,-163,1,60,1,GQKDVCIVLAK,,,,GQKDVCIVLAK
