ID,seqID,seq,len
O95236,sp|O95236|APOL3_HUMAN,MGLGQGWGWEASCFACLIRSCCQVVTFTFPFGFQGISQSLENVSGYYADARLEVGSTQLRTAGSCSHSFKRSFLEKKRFTEEATKYFRERVSPVHLQILLTNNEAWKRFVTAAELPRDEADALYEALKKLRTYAAIEDEYVQQKDEQFREWFLKEFPQVKRKIQESIEKLRALANGIEEVHRGCTISNVVSSSTGAASGIMSLAGLVLAPFTAGTSLALTAAGVGLGAASAVTGITTSIVEHSYTSSAEAEASRLTATSIDRLKVFKEVMRDITPNLLSLLNNYYEATQTIGSEIRAIRQARARARLPVTTWRISAGSGGQAERTIAGTTRAVSRGARILSATTSGIFLALDVVNLVYESKHLHEGAKSASAEELRRQAQELEENLMELTQIYQRLNPCHTH,402
Q5VW32,sp|Q5VW32|BROX_HUMAN,MTHWFHRNPLKATAPVSFNYYGVVTGPSASKICNDLRSSRARLLELFTDLSCNPEMMKNAADSYFSLLQGFINSLDESTQESKLRYIQNFKWTDTLQGQVPSAQQDAVFELISMGFNVALWYTKYASRLAGKENITEDEAKEVHRSLKIAAGIFKHLKESHLPKLITPAEKGRDLESRLIEAYVIQCQAEAQEVTIARAIELKHAPGLIAALAYETANFYQKADHTLSSLEPAYSAKWRKYLHLKMCFYTAYAYCYHGETLLASDKCGEAIRSLQEAEKLYAKAEALCKEYGETKGPGPTVKPSGHLFFRKLGNLVKNTLEKCQRENGFIYFQKIPTEAPQLELKANYGLVEPIPFEFPPTSVQWTPETLAAFDLTKRPKDDSTKPKPEEEVKPVKEPDIKPQKDTGCYIS,411
P49454,sp|P49454|CENPF_HUMAN,MSWALEEWKEGLPTRALQKIQELEGQLDKLKKEKQQRQFQLDSLEAALQKQKQKVENEKTEGTNLKRENQRLMEICESLEKTKQKISHELQVKESQVNFQEGQLNSGKKQIEKLEQELKRCKSELERSQQAAQSADVSLNPCNTPQKIFTTPLTPSQYYSGSKYEDLKEKYNKEVEERKRLEAEVKALQAKKASQTLPQATMNHRDIARHQASSSVFSWQQEKTPSHLSSNSQRTPIRRDFSASYFSGEQEVTPSRSTLQIGKRDANSSFFDNSSSPHLLDQLKAQNQELRNKINELELRLQGHEKEMKGQVNKFQELQLQLEKAKVELIEKEKVLNKCRDELVRTTAQYDQASTKYTALEQKLKKLTEDLSCQRQNAESARCSLEQKIKEKEKEFQEELSRQQRSFQTLDQECIQMKARLTQELQQAKNMHNVLQAELDKLTSVKQQLENNLEEFKQKLCRAEQAFQASQIKENELRRSMEEMKKENNLLKSHSEQKAREVCHLEAELKNIKQCLNQSQNFAEEMKAKNTSQETMLRDLQEKINQQENSLTLEKLKLAVADLEKQRDCSQDLLKKREHHIEQLNDKLSKTEKESKALLSALELKKKEYEELKEEKTLFSCWKSENEKLLTQMESEKENLQSKINHLETCLKTQQIKSHEYNERVRTLEMDRENLSVEIRNLHNVLDSKSVEVETQKLAYMELQQKAEFSDQKHQKEIENMCLKTSQLTGQVEDLEHKLQLLSNEIMDKDRCYQDLHAEYESLRDLLKSKDASLVTNEDHQRSLLAFDQQPAMHHSFANIIGEQGSMPSERSECRLEADQSPKNSAILQNRVDSLEFSLESQKQMNSDLQKQCEELVQIKGEIEENLMKAEQMHQSFVAETSQRISKLQEDTSAHQNVVAETLSALENKEKELQLLNDKVETEQAEIQELKKSNHLLEDSLKELQLLSETLSLEKKEMSSIISLNKREIEELTQENGTLKEINASLNQEKMNLIQKSESFANYIDEREKSISELSDQYKQEKLILLQRCEETGNAYEDLSQKYKAAQEKNSKLECLLNECTSLCENRKNELEQLKEAFAKEHQEFLTKLAFAEERNQNLMLELETVQQALRSEMTDNQNNSKSEAGGLKQEIMTLKEEQNKMQKEVNDLLQENEQLMKVMKTKHECQNLESEPIRNSVKERESERNQCNFKPQMDLEVKEISLDSYNAQLVQLEAMLRNKELKLQESEKEKECLQHELQTIRGDLETSNLQDMQSQEISGLKDCEIDAEEKYISGPHELSTSQNDNAHLQCSLQTTMNKLNELEKICEILQAEKYELVTELNDSRSECITATRKMAEEVGKLLNEVKILNDDSGLLHGELVEDIPGGEFGEQPNEQHPVSLAPLDESNSYEHLTLSDKEVQMHFAELQEKFLSLQSEHKILHDQHCQMSSKMSELQTYVDSLKAENLVLSTNLRNFQGDLVKEMQLGLEEGLVPSLSSSCVPDSSSLSSLGDSSFYRALLEQTGDMSLLSNLEGAVSANQCSVDEVFCSSLQEENLTRKETPSAPAKGVEELESLCEVYRQSLEKLEEKMESQGIMKNKEIQELEQLLSSERQELDCLRKQYLSENEQWQQKLTSVTLEMESKLAAEKKQTEQLSLELEVARLQLQGLDLSSRSLLGIDTEDAIQGRNESCDISKEHTSETTERTPKHDVHQICDKDAQQDLNLDIEKITETGAVKPTGECSGEQSPDTNYEPPGEDKTQGSSECISELSFSGPNALVPMDFLGNQEDIHNLQLRVKETSNENLRLLHVIEDRDRKVESLLNEMKELDSKLHLQEVQLMTKIEACIELEKIVGELKKENSDLSEKLEYFSCDHQELLQRVETSEGLNSDLEMHADKSSREDIGDNVAKVNDSWKERFLDVENELSRIRSEKASIEHEALYLEADLEVVQTEKLCLEKDNENKQKVIVCLEEELSVVTSERNQLRGELDTMSKKTTALDQLSEKMKEKTQELESHQSECLHCIQVAEAEVKEKTELLQTLSSDVSELLKDKTHLQEKLQSLEKDSQALSLTKCELENQIAQLNKEKELLVKESESLQARLSESDYEKLNVSKALEAALVEKGEFALRLSSTQEEVHQLRRGIEKLRVRIEADEKKQLHIAEKLKERERENDSLKDKVENLERELQMSEENQELVILDAENSKAEVETLKTQIEEMARSLKVFELDLVTLRSEKENLTKQIQEKQGQLSELDKLLSSFKSLLEEKEQAEIQIKEESKTAVEMLQNQLKELNEAVAALCGDQEIMKATEQSLDPPIEEEHQLRNSIEKLRARLEADEKKQLCVLQQLKESEHHADLLKGRVENLERELEIARTNQEHAALEAENSKGEVETLKAKIEGMTQSLRGLELDVVTIRSEKENLTNELQKEQERISELEIINSSFENILQEKEQEKVQMKEKSSTAMEMLQTQLKELNERVAALHNDQEACKAKEQNLSSQVECLELEKAQLLQGLDEAKNNYIVLQSSVNGLIQEVEDGKQKLEKKDEEISRLKNQIQDQEQLVSKLSQVEGEHQLWKEQNLELRNLTVELEQKIQVLQSKNASLQDTLEVLQSSYKNLENELELTKMDKMSFVEKVNKMTAKETELQREMHEMAQKTAELQEELSGEKNRLAGELQLLLEEIKSSKDQLKELTLENSELKKSLDCMHKDQVEKEGKVREEIAEYQLRLHEAEKKHQALLLDTNKQYEVEIQTYREKLTSKEECLSSQKLEIDLLKSSKEELNNSLKATTQILEELKKTKMDNLKYVNQLKKENERAQGKMKLLIKSCKQLEEEKEILQKELSQLQAAQEKQKTGTVMDTKVDELTTEIKELKETLEEKTKEADEYLDKYCSLLISHEKLEKAKEMLETQVAHLCSQQSKQDSRGSPLLGPVVPGPSPIPSVTEKRLSSGQNKASGKRQRSSGIWENGRGPTPATPESFSKKSKKAVMSGIHPAEDTEGTEFEPEGLPEVVKKGFADIPTGKTSPYILRRTTMATRTSPRLAAQKLALSPLSLGKENLAESSKPTAGGSRSQKVKVAQRSPVDSGTILREPTTKSVPVNNLPERSPTDSPREGLRVKRGRLVPSPKAGLESNGSENCKVQ,3114
Q6P2H3,sp|Q6P2H3|CEP85_HUMAN,MAMQEKYPTEGISHVTSPSSDVIQKGSSLGTEWQTPVISEPFRSRFSRCSSVADSGDTAIGTSCSDIAEDFCSSSGSPPFQPIKSHVTIPTAHVMPSTLGTSPAKPNSTPVGPSSSKLPLSGLAESVGMTRNGDLGAMKHSPGLSRDLMYFSGATGENGIEQSWFPAVGHERQEEARKFDIPSMESTLNQSAMMETLYSDPHHRVRFHNPRTSTSKELYRVLPEAKKAPGSGAVFERNGPHSNSSGVLPLGLQPAPGLSKPLPSQVWQPSPDTWHPREQSCELSTCRQQLELIRLQMEQMQLQNGAICHHPAAFGPSLPILEPAQWISILNSNEHLLKEKELLIDKQRKHISQLEQKVRESELQVHSALLGRPAPFGDVCLLRLQELQRENTFLRAQFAQKTEALSREKIDLEKKLSASEVEVQLIRESLKVALQKHSEEVKKQEERVKGRDKHINNLKKKCQKESEQNREKQQRIETLERYLADLPTLEDHQKQSQQLKDSELKSTELQEKVTELESLLEETQAICREKEIQLESLRQREAEFSSAGHSLQDKQSVEETSGEGPEVEMESWQKRYDSLQKIVEKQQQKMDQLRSQVQSLEQEVAQEEGTSQALREEAQRRDSALQQLRTAVKELSVQNQDLIEKNLTLQEHLRQAQPGSPPSPDTAQLALELHQELASCLQDLQAVCSIVTQRAQGHDPNLSLLLGIHSAQHPETQLDLQKPDVIKRKLEEVQQLRRDIEDLRTTMSDRYAQDMGENCVTQ,762
Q5SZL2,sp|Q5SZL2|CE85L_HUMAN,MWGRFLAPEASGRDSPGGARSFPAGPDYSSAWLPANESLWQATTVPSNHRNNHIRRHSIASDSGDTGIGTSCSDSVEDHSTSSGTLSFKPSQSLITLPTAHVMPSNSSASISKLRESLTPDGSKWSTSLMQTLGNHSRGEQDSSLDMKDFRPLRKWSSLSKLTAPDNCGQGGTVCREESRNGLEKIGKAKALTSQLRTIGPSCLHDSMEMLRLEDKEINKKRSSTLDCKYKFESCSKEDFRASSSTLRRQPVDMTYSALPESKPIMTSSEAFEPPKYLMLGQQAVGGVPIQPSVRTQMWLTEQLRTNPLEGRNTEDSYSLAPWQQQQIEDFRQGSETPMQVLTGSSRQSYSPGYQDFSKWESMLKIKEGLLRQKEIVIDRQKQQITHLHERIRDNELRAQHAMLGHYVNCEDSYVASLQPQYENTSLQTPFSEESVSHSQQGEFEQKLASTEKEVLQLNEFLKQRLSLFSEEKKKLEEKLKTRDRYISSLKKKCQKESEQNKEKQRRIETLEKYLADLPTLDDVQSQSLQLQILEEKNKNLQEALIDTEKKLEEIKKQCQDKETQLICQKKKEKELVTTVQSLQQKVERCLEDGIRLPMLDAKQLQNENDNLRQQNETASKIIDSQQDEIDRMILEIQSMQGKLSKEKLTTQKMMEELEKKERNVQRLTKALLENQRQTDETCSLLDQGQEPDQSRQQTVLSKRPLFDLTVIDQLFKEMSCCLFDLKALCSILNQRAQGKEPNLSLLLGIRSMNCSAEETENDHSTETLTKKLSDVCQLRRDIDELRTTISDRYAQDMGDNCITQ,805
Q9UI42,sp|Q9UI42|CBPA4_HUMAN,MRWILFIGALIGSSICGQEKFFGDQVLRINVRNGDEISKLSQLVNSNNLKLNFWKSPSSFNRPVDVLVPSVSLQAFKSFLRSQGLEYAVTIEDLQALLDNEDDEMQHNEGQERSSNNFNYGAYHSLEAIYHEMDNIAADFPDLARRVKIGHSFENRPMYVLKFSTGKGVRRPAVWLNAGIHSREWISQATAIWTARKIVSDYQRDPAITSILEKMDIFLLPVANPDGYVYTQTQNRLWRKTRSRNPGSSCIGADPNRNWNASFAGKGASDNPCSEVYHGPHANSEVEVKSVVDFIQKHGNFKGFIDLHSYSQLLMYPYGYSVKKAPDAEELDKVARLAAKALASVSGTEYQVGPTCTTVYPASGSSIDWAYDNGIKFAFTFELRDTGTYGFLLPANQIIPTAEETWLGLKTIMEHVRDNLY,421
Q5TAQ9,sp|Q5TAQ9|DCAF8_HUMAN,MSSKGSSTDGRTDLANGSLSSSPEEMSGAEEGRETSSGIEVEASDLSLSLTGDDGGPNRTSTESRGTDTESSGEDKDSDSMEDTGHYSINDENRVHDRSEEEEEEEEEEEEEQPRRRVQRKRANRDQDSSDDERALEDWVSSETSALPRPRWQALPALRERELGSSARFVYEACGARVFVQRFRLQHGLEGHTGCVNTLHFNQRGTWLASGSDDLKVVVWDWVRRQPVLDFESGHKSNVFQAKFLPNSGDSTLAMCARDGQVRVAELSATQCCKNTKRVAQHKGASHKLALEPDSPCTFLSAGEDAVVFTIDLRQDRPASKLVVTKEKEKKVGLYTIYVNPANTHQFAVGGRDQFVRIYDQRKIDENENNGVLKKFCPHHLVNSESKANITCLVYSHDGTELLASYNDEDIYLFNSSHSDGAQYVKRYKGHRNNATVKGVNFYGPKSEFVVSGSDCGHIFLWEKSSCQIIQFMEGDKGGVVNCLEPHPHLPVLATSGLDHDVKIWAPTAEASTELTGLKDVIKKNKRERDEDSLHQTDLFDSHMLWFLMHHLRQRRHHRRWREPGVGATDADSDESPSSSDTSDEEEGPDRVQCMPS,597
P31689,sp|P31689|DNJA1_HUMAN,MVKETTYYDVLGVKPNATQEELKKAYRKLALKYHPDKNPNEGEKFKQISQAYEVLSDAKKRELYDKGGEQAIKEGGAGGGFGSPMDIFDMFFGGGGRMQRERRGKNVVHQLSVTLEDLYNGATRKLALQKNVICDKCEGRGGKKGAVECCPNCRGTGMQIRIHQIGPGMVQQIQSVCMECQGHGERISPKDRCKSCNGRKIVREKKILEVHIDKGMKDGQKITFHGEGDQEPGLEPGDIIIVLDQKDHAVFTRRGEDLFMCMDIQLVEALCGFQKPISTLDNRTIVITSHPGQIVKHGDIKCVLNEGMPIYRRPYEKGRLIIEFKVNFPENGFLSPDKLSLLEKLLPERKEVEETDEMDQVELVDFDPNQERRRHYNGEAYEDDEHHPRGGVQCQTS,397
O60884,sp|O60884|DNJA2_HUMAN,MANVADTKLYDILGVPPGASENELKKAYRKLAKEYHPDKNPNAGDKFKEISFAYEVLSNPEKRELYDRYGEQGLREGSGGGGGMDDIFSHIFGGGLFGFMGNQSRSRNGRRRGEDMMHPLKVSLEDLYNGKTTKLQLSKNVLCSACSGQGGKSGAVQKCSACRGRGVRIMIRQLAPGMVQQMQSVCSDCNGEGEVINEKDRCKKCEGKKVIKEVKILEVHVDKGMKHGQRITFTGEADQAPGVEPGDIVLLLQEKEHEVFQRDGNDLHMTYKIGLVEALCGFQFTFKHLDGRQIVVKYPPGKVIEPGCVRVVRGEGMPQYRNPFEKGDLYIKFDVQFPENNWINPDKLSELEDLLPSRPEVPNIIGETEEVELQEFDSTRGSGGGQRREAYNDSSDEESSSHHGPGVQCAHQ,412
Q8WW22,sp|Q8WW22|DNJA4_HUMAN,MVKETQYYDILGVKPSASPEEIKKAYRKLALKYHPDKNPDEGEKFKLISQAYEVLSDPKKRDVYDQGGEQAIKEGGSGSPSFSSPMDIFDMFFGGGGRMARERRGKNVVHQLSVTLEDLYNGVTKKLALQKNVICEKCEGVGGKKGSVEKCPLCKGRGMQIHIQQIGPGMVQQIQTVCIECKGQGERINPKDRCESCSGAKVIREKKIIEVHVEKGMKDGQKILFHGEGDQEPELEPGDVIIVLDQKDHSVFQRRGHDLIMKMKIQLSEALCGFKKTIKTLDNRILVITSKAGEVIKHGDLRCVRDEGMPIYKAPLEKGILIIQFLVIFPEKHWLSLEKLPQLEALLPPRQKVRITDDMDQVELKEFCPNEQNWRQHREAYEEDEDGPQAGVQCQTA,397
Q9BVM2,sp|Q9BVM2|DPCD_HUMAN,MAVTGWLESLRTAQKTALLQDGRRKVHYLFPDGKEMAEEYDEKTSELLVRKWRVKSALGAMGQWQLEVGDPAPLGAGNLGPELIKESNANPIFMRKDTKMSFQWRIRNLPYPKDVYSVSVDQKERCIIVRTTNKKYYKKFSIPDLDRHQLPLDDALLSFAHANCTLIISYQKPKEVVVAESELQKELKKVKTAHSNDGDCKTQ,203
Q8NDI1,sp|Q8NDI1|EHBP1_HUMAN,MASVWKRLQRVGKHASKFQFVASYQELMVECTKKWQPDKLVVVWTRRSRRKSSKAHSWQPGIKNPYRGVVVWPVPENIEITVTLFKDPHAEEFEDKEWTFVIENESPSGRRKALATSSINMKQYASPMPTQTDVKLKFKPLSKKVVSAALQFSLSCIFLREGKATDEDMQSLASLMSMKQADIGNLDDFEEDNEDDDENRVNQEEKAAKITEIVNQLNALSSLDEDQDDCIKQANMRSAKSASSSEELINKLNFLDEAEKDLATVNSNPFDDPDAAELNPFGDPDSEEPITETASPRKTEDSFYNNSYNPFKEVQTPQYLNPFDEPEAFVTIKDSPPQSTKRKNIRPVDMSKYLYADSSKTEEEELDESNPFYEPKSTPPPNNLVNPVQELETERRVKRKAPAPPVLSPKTGVLNENTVSAGKDLSTSPKPSPIPSPVLGRKPNASQSLLVWCKEVTKNYRGVKITNFTTSWRNGLSFCAILHHFRPDLIDYKSLNPQDIKENNKKAYDGFASIGISRLLEPSDMVLLAIPDKLTVMTYLYQIRAHFSGQELNVVQIEENSSKSTYKVGNYETDTNSSVDQEKFYAELSDLKREPELQQPISGAVDFLSQDDSVFVNDSGVGESESEHQTPDDHLSPSTASPYCRRTKSDTEPQKSQQSSGRTSGSDDPGICSNTDSTQAQVLLGKKRLLKAETLELSDLYVSDKKKDMSPPFICEETDEQKLQTLDIGSNLEKEKLENSRSLECRSDPESPIKKTSLSPTSKLGYSYSRDLDLAKKKHASLRQTESDPDADRTTLNHADHSSKIVQHRLLSRQEELKERARVLLEQARRDAALKAGNKHNTNTATPFCNRQLSDQQDEERRRQLRERARQLIAEARSGVKMSELPSYGEMAAEKLKERSKASGDENDNIEIDTNEEIPEGFVVGGGDELTNLENDLDTPEQNSKLVDLKLKKLLEVQPQVANSPSSAAQKAVTESSEQDMKSGTEDLRTERLQKTTERFRNPVVFSKDSTVRKTQLQSFSQYIENRPEMKRQRSIQEDTKKGNEEKAAITETQRKPSEDEVLNKGFKDTSQYVVGELAALENEQKQIDTRAALVEKRLRYLMDTGRNTEEEEAMMQEWFMLVNKKNALIRRMNQLSLLEKEHDLERRYELLNRELRAMLAIEDWQKTEAQKRREQLLLDELVALVNKRDALVRDLDAQEKQAEEEDEHLERTLEQNKGKMAKKEEKCVLQ,1231
Q8N3D4,sp|Q8N3D4|EH1L1_HUMAN,MTSVWKRLQRVGKRAAKFQFVACYHELVLECTKKWQPDKLVVVWTRRNRRICSKAHSWQPGIQNPYRGTVVWMVPENVDISVTLYRDPHVDQYEAKEWTFIIENESKGQRKVLATAEVDLARHAGPVPVQVPVRLRLKPKSVKVVQAELSLTLSGVLLREGRATDDDMQSLASLMSVKPSDVGNLDDFAESDEDEAHGPGAPEARARVPQPDPSRELKTLCEEEEEGQGRPQQAVASPSNAEDTSPAPVSAPAPPARTSRGQGSERANEAGGQVGPEAPRPPETSPEMRSSRQPAQDTAPTPAPRLRKGSDALRPPVPQGEDEVPKASGAPPAGLGSARETQAQACPQEGTEAHGARLGPSIEDKGSGDPFGRQRLKAEEMDTEDRPEASGVDTEPRSGGREANTKRSGVRAGEAEESSAVCQVDAEQRSKVRHVDTKGPEATGVMPEARCRGTPEAPPRGSQGRLGVRTRDEAPSGLSLPPAEPAGHSGQLGDLEGARAAAGQEREGAEVRGGAPGIEGTGLEQGPSVGAISTRPQVSSWQGALLSTAQGAISRGLGGWEAEAGGSGDLETETEVVGLEVLGTQEKEVEGSGFPETRTLEIEILGALEKEAARSRVLESEVAGTAQCEGLETQETEVGVIETPGTETEVLGTQKTEAGGSGVLQTRTTIAETEVLVTQEISGDLGPLKIEDTIQSEMLGTQETEVEASRVPESEAEGTEAKILGTQEITARDSGVREIEAEIAESDILVAQEIEVGLLGVLGIETGAAEGAILGTQEIASRDSGVPGLEADTTGIQVKEVGGSEVPEIATGTAETEILGTQEIASRSSGVPGLESEVAGAQETEVGGSGISGPEAGMAEARVLMTRKTEIIVPEAEKEEAQTSGVQEAETRVGSALKYEALRAPVTQPRVLGSQEAKAEISGVQGSETQVLRVQEAEAGVWGMSEGKSGAWGAQEAEMKVLESPENKSGTFKAQEAEAGVLGNEKGKEAEGSLTEASLPEAQVASGAGAGAPRASSPEKAEEDRRLPGSQAPPALVSSSQSLLEWCQEVTTGYRGVRITNFTTSWRNGLAFCAILHRFYPDKIDYASLDPLNIKQNNKQAFDGFAALGVSRLLEPADMVLLSVPDKLIVMTYLCQIRAFCTGQELQLVQLEGGGGAGTYRVGSAQPSPPDDLDAGGLAQRLRGHGAEGPQEPKEAADRADGAAPGVASRNAVAGRASKDGGAEAPRESRPAEVPAEGLVNGAGAPGGGGVRLRRPSVNGEPGSVPPPRAHGSFSHVRDADLLKKRRSRLRNSSSFSMDDPDAGAMGAAAAEGQAPDPSPAPGPPTAADSQQPPGGSSPSEEPPPSPGEEAGLQRFQDTSQYVCAELQALEQEQRQIDGRAAEVEMQLRSLMESGANKLQEEVLIQEWFTLVNKKNALIRRQDQLQLLMEEQDLERRFELLSRELRAMLAIEDWQKTSAQQHREQLLLEELVSLVNQRDELVRDLDHKERIALEEDERLERGLEQRRRKLSRQLSRRERCVLS,1523
P41567,sp|P41567|EIF1_HUMAN,MSAIQNLHSFDPFADASKGDDLLPAGTEDYIHIRIQQRNGRKTLTTVQGIADDYDKKKLVKAFKKKFACNGTVIEHPEYGEVIQLQGDQRKNICQFLVEIGLAKDDQLKVHGF,113
Q8IW50,sp|Q8IW50|F219A_HUMAN,MMEEIDRFQVPTAHSEMQPLDPAAASISDGDCDAREGESVAMNYKPSPLQVKLEKQRELARKGSLKNGSMGSPVNQQPKKNNVMARTRLVVPNKGYSSLDQSPDEKPLVALDTDSDDDFDMSRYSSSGYSSAEQINQDLNIQLLKDGYRLDEIPDDEDLDLIPPKSVNPTCMCCQATSSTACHIQ,185
P32455,sp|P32455|GBP1_HUMAN,MASEIHMTGPMCLIENTNGRLMANPEALKILSAITQPMVVVAIVGLYRTGKSYLMNKLAGKKKGFSLGSTVQSHTKGIWMWCVPHPKKPGHILVLLDTEGLGDVEKGDNQNDSWIFALAVLLSSTFVYNSIGTINQQAMDQLYYVTELTHRIRSKSSPDENENEVEDSADFVSFFPDFVWTLRDFSLDLEADGQPLTPDEYLTYSLKLKKGTSQKDETFNLPRLCIRKFFPKKKCFVFDRPVHRRKLAQLEKLQDEELDPEFVQQVADFCSYIFSNSKTKTLSGGIQVNGPRLESLVLTYVNAISSGDLPCMENAVLALAQIENSAAVQKAIAHYEQQMGQKVQLPTETLQELLDLHRDSEREAIEVFIRSSFKDVDHLFQKELAAQLEKKRDDFCKQNQEASSDRCSALLQVIFSPLEEEVKAGIYSKPGGYRLFVQKLQDLKKKYYEEPRKGIQAEEILQTYLKSKESMTDAILQTDQTLTEKEKEIEVERVKAESAQASAKMLQEMQRKNEQMMEQKERSYQEHLKQLTEKMENDRVQLLKEQERTLALKLQEQEQLLKEGFQKESRIMKNEIQDLQTKMRRRKACTIS,592
O14610,sp|O14610|GBGT2_HUMAN,MAQDLSEKDLLKMEVEQLKKEVKNTRIPISKAGKEIKEYVEAQAGNDPFLKGIPEDKNPFKEKGGCLIS,69
P01112,sp|P01112|RASH_HUMAN,MTEYKLVVVGAGGVGKSALTIQLIQNHFVDEYDPTIEDSYRKQVVIDGETCLLDILDTAGQEEYSAMRDQYMRTGEGFLCVFAINNTKSFEDIHQYREQIKRVKDSDDVPMVLVGNKCDLAARTVESRQAQDLARSYGIPYIETSAKTRQGVEDAFYTLVREIRQHKLRKLNPPDESGPGCMSCKCVLS,189
Q27J81,sp|Q27J81|INF2_HUMAN,MSVKEGAQRKWAALKEKLGPQDSDPTEANLESADPELCIRLLQMPSVVNYSGLRKRLEGSDGGWMVQFLEQSGLDLLLEALARLSGRGVARISDALLQLTCVSCVRAVMNSRQGIEYILSNQGYVRQLSQALDTSNVMVKKQVFELLAALCIYSPEGHVLTLDALDHYKTVCSQQYRFSIVMNELSGSDNVPYVVTLLSVINAVILGPEDLRARTQLRNEFIGLQLLDVLARLRDLEDADLLIQLEAFEEAKAEDEEELLRVSGGVDMSSHQEVFASLFHKVSCSPVSAQLLSVLQGLLHLEPTLRSSQLLWEALESLVNRAVLLASDAQECTLEEVVERLLSVKGRPRPSPLVKAHKSVQANLDQSQRGSSPQNTTTPKPSVEGQQPAAAAACEPVDHAQSESILKVSQPRALEQQASTPPPPPPPPLLPGSSAEPPPPPPPPPLPSVGAKALPTAPPPPPLPGLGAMAPPAPPLPPPLPGSCEFLPPPPPPLPGLGCPPPPPPLLPGMGWGPPPPPPPLLPCTCSPPVAGGMEEVIVAQVDHGLGSAWVPSHRRVNPPTLRMKKLNWQKLPSNVAREHNSMWASLSSPDAEAVEPDFSSIERLFSFPAAKPKEPTMVAPRARKEPKEITFLDAKKSLNLNIFLKQFKCSNEEVAAMIRAGDTTKFDVEVLKQLLKLLPEKHEIENLRAFTEERAKLASADHFYLLLLAIPCYQLRIECMLLCEGAAAVLDMVRPKAQLVLAACESLLTSRQLPIFCQLILRIGNFLNYGSHTGDADGFKISTLLKLTETKSQQNRVTLLHHVLEEAEKSHPDLLQLPRDLEQPSQAAGINLEIIRSEASSNLKKLLETERKVSASVAEVQEQYTERLQASISAFRALDELFEAIEQKQRELADYLCEDAQQLSLEDTFSTMKAFRDLFLRALKENKDRKEQAAKAERRKQQLAEEEARRPRGEDGKPVRKGPGKQEEVCVIDALLADIRKGFQLRKTARGRGDTDGGSKAASMDPPRATEPVATSNPAGDPVGSTRCPASEPGLDATTASESRGWDLVDAVTPGPQPTLEQLEEGGPRPLERRSSWYVDASDVLTTEDPQCPQPLEGAWPVTLGDAQALKPLKFSSNQPPAAGSSRQDAKDPTSLLGVLQAEADSTSEGLEDAVHSRGARPPAAGPGGDEDEDEEDTAPESALDTSLDKSFSEDAVTDSSGSGTLPRARGRASKGTGKRRKKRPSRSQEEVPPDSDDNKTKKLCVIQ,1249
P52292,sp|P52292|IMA1_HUMAN,MSTNENANTPAARLHRFKNKGKDSTEMRRRRIEVNVELRKAKKDDQMLKRRNVSSFPDDATSPLQENRNNQGTVNWSVDDIVKGINSSNVENQLQATQAARKLLSREKQPPIDNIIRAGLIPKFVSFLGRTDCSPIQFESAWALTNIASGTSEQTKAVVDGGAIPAFISLLASPHAHISEQAVWALGNIAGDGSVFRDLVIKYGAVDPLLALLAVPDMSSLACGYLRNLTWTLSNLCRNKNPAPPIDAVEQILPTLVRLLHHDDPEVLADTCWAISYLTDGPNERIGMVVKTGVVPQLVKLLGASELPIVTPALRAIGNIVTGTDEQTQVVIDAGALAVFPSLLTNPKTNIQKEATWTMSNITAGRQDQIQQVVNHGLVPFLVSVLSKADFKTQKEAVWAVTNYTSGGTVEQIVYLVHCGIIEPLMNLLTAKDTKIILVILDAISNIFQAAEKLGETEKLSIMIEECGGLDKIEALQNHENESVYKASLSLIEKYFSVEEEEDQNVVPETTSEGYTFQVQDGAPGTFNF,529
P01116,sp|P01116|RASK_HUMAN,MTEYKLVVVGAGGVGKSALTIQLIQNHFVDEYDPTIEDSYRKQVVIDGETCLLDILDTAGQEEYSAMRDQYMRTGEGFLCVFAINNTKSFEDIHHYREQIKRVKDSEDVPMVLVGNKCDLPSRTVDTKQAQDLARSYGIPFIETSAKTRQRVEDAFYTLVREIRQYRLKKISKEEKTPGCVKIKKCIIM,189
Q8IUC0,sp|Q8IUC0|KR131_HUMAN,MSYNCCSGNFSSRSCGGYLHYPASSCGFSYPSNQVYSTDLCSPSTCQLGSSLYRGCQQTCWEPTSCQTSYVESSPCQTSCYRPRTSLLCSPCQTTYSGSLGFGSSSCRSLGYGSRSCYSVGCGSSGFRSLGYGGCGFPSLGYGVGFCRPTYLASRSCQSSCYRPTCGSGFYY,172
P02545,sp|P02545|LMNA_HUMAN,METPSQRRATRSGAQASSTPLSPTRITRLQEKEDLQELNDRLAVYIDRVRSLETENAGLRLRITESEEVVSREVSGIKAAYEAELGDARKTLDSVAKERARLQLELSKVREEFKELKARNTKKEGDLIAAQARLKDLEALLNSKEAALSTALSEKRTLEGELHDLRGQVAKLEAALGEAKKQLQDEMLRRVDAENRLQTMKEELDFQKNIYSEELRETKRRHETRLVEIDNGKQREFESRLADALQELRAQHEDQVEQYKKELEKTYSAKLDNARQSAERNSNLVGAAHEELQQSRIRIDSLSAQLSQLQKQLAAKEAKLRDLEDSLARERDTSRRLLAEKEREMAEMRARMQQQLDEYQELLDIKLALDMEIHAYRKLLEGEEERLRLSPSPTSQRSRGRASSHSSQTQGGGSVTKKRKLESTESRSSFSQHARTSGRVAVEEVDEEGKFVRLRNKSNEDQSMGNWQIKRQNGDDPLLTYRFPPKFTLKAGQVVTIWAAGAGATHSPPTDLVWKAQNTWGCGNSLRTALINSTGEEVAMRKLVRSVTVVEDDEDEDGDDLLHHHHGSHCSSSGDPAEYNLRSRTVLCGTCGQPADKASASGSGAQVGGPISSGSSASSVTVTRSYRSVGGSGGGSFGDNLVTRSYLLGNSSPRTQSPQNCSIM,664
P20700,sp|P20700|LMNB1_HUMAN,MATATPVPPRMGSRAGGPTTPLSPTRLSRLQEKEELRELNDRLAVYIDKVRSLETENSALQLQVTEREEVRGRELTGLKALYETELADARRALDDTARERAKLQIELGKCKAEHDQLLLNYAKKESDLNGAQIKLREYEAALNSKDAALATALGDKKSLEGDLEDLKDQIAQLEASLAAAKKQLADETLLKVDLENRCQSLTEDLEFRKSMYEEEINETRRKHETRLVEVDSGRQIEYEYKLAQALHEMREQHDAQVRLYKEELEQTYHAKLENARLSSEMNTSTVNSAREELMESRMRIESLSSQLSNLQKESRACLERIQELEDLLAKEKDNSRRMLTDKEREMAEIRDQMQQQLNDYEQLLDVKLALDMEISAYRKLLEGEEERLKLSPSPSSRVTVSRASSSRSVRTTRGKRKRVDVEESEASSSVSISHSASATGNVCIEEIDVDGKFIRLKNTSEQDQPMGGWEMIRKIGDTSVSYKYTSRYVLKAGQTVTIWAANAGVTASPPTDLIWKNQNSWGTGEDVKVILKNSQGEEVAQRSTVFKTTIPEEEEEEEEAAGVVVEEELFHQQGTPRASNRSCAIM,586
Q03252,sp|Q03252|LMNB2_HUMAN,MSPPSPGRRREQRRPRAAATMATPLPGRAGGPATPLSPTRLSRLQEKEELRELNDRLAHYIDRVRALELENDRLLLKISEKEEVTTREVSGIKALYESELADARRVLDETARERARLQIEIGKLRAELDEVNKSAKKREGELTVAQGRVKDLESLFHRSEVELAAALSDKRGLESDVAELRAQLAKAEDGHAVAKKQLEKETLMRVDLENRCQSLQEELDFRKSVFEEEVRETRRRHERRLVEVDSSRQQEYDFKMAQALEELRSQHDEQVRLYKLELEQTYQAKLDSAKLSSDQNDKAASAAREELKEARMRLESLSYQLSGLQKQASAAEDRIRELEEAMAGERDKFRKMLDAKEQEMTEMRDVMQQQLAEYQELLDVKLALDMEINAYRKLLEGEEERLKLSPSPSSRVTVSRATSSSSGSLSATGRLGRSKRKRLEVEEPLGSGPSVLGTGTGGSGGFHLAQQASASGSVSIEEIDLEGKFVQLKNNSDKDQSLGNWRIKRQVLEGEEIAYKFTPKYILRAGQMVTVWAAGAGVAHSPPSTLVWKGQSSWGTGESFRTVLVNADGEEVAMRTVKKSSVMRENENGEEEEEEAEFGEEDLFHQQGDPRTTSRGCYVM,620
Q32MZ4,sp|Q32MZ4|LRRF1_HUMAN,MTSPAAAQSREIDCLSPEAQKLAEARLAAKRAARAEAREIRMKELERQQKEEDSERYSRRSRRNTSASDEDERMSVGSRGSLRVEERPEKDFTEKGSRNMPGLSAATLASLGGTSSRRGSGDTSISIDTEASIREIKELNELKDQIQDVEGKYMQGLKEMKDSLAEVEEKYKKAMVSNAQLDNEKTNFMYQVDTLKDMLLELEEQLAESRRQYEEKNKEFEREKHAHSILQFQFAEVKEALKQREEMLEKHGIILNSEIATNGETSDTLNNVGYQGPTKMTKEELNALKSTGDGTLGRASEVEVKNEIVANVGKREILHNTEKEQHTEDTVKDCVDIEVFPAGENTEDQKSSEDTAPFLGTLAGATYEEQVQSQILESSSLPENTVQVESNEVMGAPDDRTRTPLEPSNCWSDLDGGNHTENVGEAAVTQVEEQAGTVASCPLGHSDDTVYHDDKCMVEVPQELETSTGHSLEKEFTNQEAAEPKEVPAHSTEVGRDHNEEEGEETGLRDEKPIKTEVPGSPAGTEGNCQEATGPSTVDTQNEPLDMKEPDEEKSDQQGEALDSSQKKTKNKKKKNKKKKSPVPVETLKDVKKELTYQNTDLSEIKEEEQVKSTDRKSAVEAQNEVTENPKQKIAAESSENVDCPENPKIKLDGKLDQEGDDVQTAAEEVLADGDTLDFEDDTVQSSGPRAGGEELDEGVAKDNAKIDGATQSSPAEPKSEDADRCTLPEHESPSQDISDACEAESTERCEMSEHPSQTVRKALDSNSLENDDLSAPGREPGHFNPESREDTRGGNEKGKSKEDCTMS,808
Q16644,sp|Q16644|MAPK3_HUMAN,MDGETAEEQGGPVPPPVAPGGPGLGGAPGGRREPKKYAVTDDYQLSKQVLGLGVNGKVLECFHRRTGQKCALKLLYDSPKARQEVDHHWQASGGPHIVCILDVYENMHHGKRCLLIIMECMEGGELFSRIQERGDQAFTEREAAEIMRDIGTAIQFLHSHNIAHRDVKPENLLYTSKEKDAVLKLTDFGFAKETTQNALQTPCYTPYYVAPEVLGPEKYDKSCDMWSLGVIMYILLCGFPPFYSNTGQAISPGMKRRIRLGQYGFPNPEWSEVSEDAKQLIRLLLKTDPTERLTITQFMNHPWINQSMVVPQTPLHTARVLQEDKDHWDEVKEEMTSALATMRVDYDQVKIKDLKTSNNRLLNKRRKKQAGSSSASQGCNNQ,382
P55209,sp|P55209|NP1L1_HUMAN,MADIDNKEQSELDQDLDDVEEVEEEETGEETKLKARQLTVQMMQNPQILAALQERLDGLVETPTGYIESLPRVVKRRVNALKNLQVKCAQIEAKFYEEVHDLERKYAVLYQPLFDKRFEIINAIYEPTEEECEWKPDEEDEISEELKEKAKIEDEKKDEEKEDPKGIPEFWLTVFKNVDLLSDMVQEHDEPILKHLKDIKVKFSDAGQPMSFVLEFHFEPNEYFTNEVLTKTYRMRSEPDDSDPFSFDGPEIMGCTGCQIDWKKGKNVTLKTIKKKQKHKGRGTVRTVTKTVSNDSFFNFFAPPEVPESGDLDDDAEAILAADFEIGHFLRERIIPRSVLYFTGEAIEDDDDDYDEEGEEADEEGEEEGDEENDPDYDPKKDQNPAECKQQ,391
Q99733,sp|Q99733|NP1L4_HUMAN,MADHSFSDGVPSDSVEAAKNASNTEKLTDQVMQNPRVLAALQERLDNVPHTPSSYIETLPKAVKRRINALKQLQVRCAHIEAKFYEEVHDLERKYAALYQPLFDKRREFITGDVEPTDAESEWHSENEEEEKLAGDMKSKVVVTEKAAATAEEPDPKGIPEFWFTIFRNVDMLSELVQEYDEPILKHLQDIKVKFSDPGQPMSFVLEFHFEPNDYFTNSVLTKTYKMKSEPDKADPFSFEGPEIVDCDGCTIDWKKGKNVTVKTIKKKQKHKGRGTVRTITKQVPNESFFNFFNPLKASGDGESLDEDSEFTLASDFEIGHFFRERIVPRAVLYFTGEAIEDDDNFEEGEEGEEEELEGDEEGEDEDDAEINPKV,375
P01111,sp|P01111|RASN_HUMAN,MTEYKLVVVGAGGVGKSALTIQLIQNHFVDEYDPTIEDSYRKQVVIDGETCLLDILDTAGQEEYSAMRDQYMRTGEGFLCVFAINNSKSFADINLYREQIKRVKDSDDVPMVLVGNKCDLPTRTVDTKQAHELAKSYGIPFIETSAKTRQGVEDAFYTLVREIRQYRMKKLNSSDDGTQGCMGLPCVVM,189
P40855,sp|P40855|PEX19_HUMAN,MAAAEEGCSVGAEADRELEELLESALDDFDKAKPSPAPPSTTTAPDASGPQKRSPGDTAKDALFASQEKFFQELFDSELASQATAEFEKAMKELAEEEPHLVEQFQKLSEAAGRVGSDMTSQQEFTSCLKETLSGLAKNATDLQNSSMSEEELTKAMEGLGMDEGDGEGNILPIMQSIMQNLLSKDVLYPSLKEITEKYPEWLQSHRESLPPEQFEKYQEQHSVMCKICEQFEAETPTDSETTQKARFEMVLDLMQQLQDLGHPPKELAGEMPPGLNFDLDALNLSGPPGASGEQCLIM,299
O43900,sp|O43900|PRIC3_HUMAN,MFARGSRRRRSGRAPPEAEDPDRGQPCNSCREQCPGFLLHGWRKICQHCKCPREEHAVHAVPVDLERIMCRLISDFQRHSISDDDSGCASEEYAWVPPGLKPEQVYQFFSCLPEDKVPYVNSPGEKYRIKQLLHQLPPHDSEAQYCTALEEEEKKELRAFSQQRKRENLGRGIVRIFPVTITGAICEECGKQIGGGDIAVFASRAGLGACWHPQCFVCTTCQELLVDLIYFYHVGKVYCGRHHAECLRPRCQACDEIIFSPECTEAEGRHWHMDHFCCFECEASLGGQRYVMRQSRPHCCACYEARHAEYCDGCGEHIGLDQGQMAYEGQHWHASDRCFCCSRCGRALLGRPFLPRRGLIFCSRACSLGSEPTAPGPSRRSWSAGPVTAPLAASTASFSAVKGASETTTKGTSTELAPATGPEEPSRFLRGAPHRHSMPELGLRSVPEPPPESPGQPNLRPDDSAFGRQSTPRVSFRDPLVSEGGPRRTLSAPPAQRRRPRSPPPRAPSRRRHHHHNHHHHHNRHPSRRRHYQCDAGSGSDSESCSSSPSSSSSESSEDDGFFLGERIPLPPHLCRPMPAQDTAMETFNSPSLSLPRDSRAGMPRQARDKNCIVA,615
Q93096,sp|Q93096|TP4A1_HUMAN,MARMNRPAPVEVTYKNMRFLITHNPTNATLNKFIEELKKYGVTTIVRVCEATYDTTLVEKEGIHVLDWPFDDGAPPSNQIVDDWLSLVKIKFREEPGCCIAVHCVAGLGRAPVLVALALIEGGMKYEDAVQFIRQKRRGAFNSKQLLYLEKYRPKMRLRFKDSNGHRNNCCIQ,173
Q12974,sp|Q12974|TP4A2_HUMAN,MNRPAPVEISYENMRFLITHNPTNATLNKFTEELKKYGVTTLVRVCDATYDKAPVEKEGIHVLDWPFDDGAPPPNQIVDDWLNLLKTKFREEPGCCVAVHCVAGLGRAPVLVALALIECGMKYEDAVQFIRQKRRGAFNSKQLLYLEKYRPKMRLRFRDTNGHCCVQ,167
P51157,sp|P51157|RAB28_HUMAN,MSDSEEESQDRQLKIVVLGDGASGKTSLTTCFAQETFGKQYKQTIGLDFFLRRITLPGNLNVTLQIWDIGGQTIGGKMLDKYIYGAQGVLLVYDITNYQSFENLEDWYTVVKKVSEESETQPLVALVGNKIDLEHMRTIKPEKHLRFCQENGFSSHFVSAKTGDSVFLCFQKVAAEILGIKLNKAEIEQSQRVVKADIVNYNQEPMSRTVNPPRSSMCAVQ,221
Q9Y3P9,sp|Q9Y3P9|RBGP1_HUMAN,MDDKASVGKISVSSDSVSTLNSEDFVLVSRQGDETPSTNNGSDDEKTGLKIVGNGSEQQLQKELADVLMDPPMDDQPGEKELVKRSQLDGEGDGPLSNQLSASSTINPVPLVGLQKPEMSLPVKPGQGDSEASSPFTPVADEDSVVFSKLTYLGCASVNAPRSEVEALRMMSILRSQCQISLDVTLSVPNVSEGIVRLLDPQTNTEIANYPIYKILFCVRGHDGTPESDCFAFTESHYNAELFRIHVFRCEIQEAVSRILYSFATAFRRSAKQTPLSATAAPQTPDSDIFTFSVSLEIKEDDGKGYFSAVPKDKDRQCFKLRQGIDKKIVIYVQQTTNKELAIERCFGLLLSPGKDVRNSDMHLLDLESMGKSSDGKSYVITGSWNPKSPHFQVVNEETPKDKVLFMTTAVDLVITEVQEPVRFLLETKVRVCSPNERLFWPFSKRSTTENFFLKLKQIKQRERKNNTDTLYEVVCLESESERERRKTTASPSVRLPQSGSQSSVIPSPPEDDEEEDNDEPLLSGSGDVSKECAEKILETWGELLSKWHLNLNVRPKQLSSLVRNGVPEALRGEVWQLLAGCHNNDHLVEKYRILITKESPQDSAITRDINRTFPAHDYFKDTGGDGQDSLYKICKAYSVYDEEIGYCQGQSFLAAVLLLHMPEEQAFSVLVKIMFDYGLRELFKQNFEDLHCKFYQLERLMQEYIPDLYNHFLDISLEAHMYASQWFLTLFTAKFPLYMVFHIIDLLLCEGISVIFNVALGLLKTSKDDLLLTDFEGALKFFRVQLPKRYRSEENAKKLMELACNMKISQKKLKKYEKEYHTMREQQAQQEDPIERFERENRRLQEANMRLEQENDDLAHELVTSKIALRKDLDNAEEKADALNKELLMTKQKLIDAEEEKRRLEEESAQLKEMCRRELDKAESEIKKNSSIIGDYKQICSQLSERLEKQQTANKVEIEKIRQKVDDCERCREFFNKEGRVKGISSTKEVLDEDTDEEKETLKNQLREMELELAQTKLQLVEAECKIQDLEHHLGLALNEVQAAKKTWFNRTLSSIKTATGVQGKETC,1069
P10114,sp|P10114|RAP2A_HUMAN,MREYKVVVLGSGGVGKSALTVQFVTGTFIEKYDPTIEDFYRKEIEVDSSPSVLEILDTAGTEQFASMRDLYIKNGQGFILVYSLVNQQSFQDIKPMRDQIIRVKRYEKVPVILVGNKVDLESEREVSSSEGRALAEEWGCPFMETSAKSKTMVDELFAEIVRQMNYAAQPDKDDPCCSACNIQ,183
Q9Y3L5,sp|Q9Y3L5|RAP2C_HUMAN,MREYKVVVLGSGGVGKSALTVQFVTGTFIEKYDPTIEDFYRKEIEVDSSPSVLEILDTAGTEQFASMRDLYIKNGQGFILVYSLVNQQSFQDIKPMRDQIVRVKRYEKVPLILVGNKVDLEPEREVMSSEGRALAQEWGCPFMETSAKSKSMVDELFAEIVRQMNYSSLPEKQDQCCTTCVVQ,183
Q15382,sp|Q15382|RHEB_HUMAN,MPQSKSRKIAILGYRSVGKSSLTIQFVEGQFVDSYDPTIENTFTKLITVNGQEYHLQLVDTAGQDEYSIFPQTYSIDINGYILVYSVTSIKSFEVIKVIHGKLLDMVGKVQIPIMLVGNKKDLHMERVISYEEGKALAESWNAAFLESSAKENQTAVDVFRRIILEAEKMDGAASQGKSSCSVM,184
Q15669,sp|Q15669|RHOH_HUMAN,MLSSIKCVLVGDSAVGKTSLLVRFTSETFPEAYKPTVYENTGVDVFMDGIQISLGLWDTAGNDAFRSIRPLSYQQADVVLMCYSVANHNSFLNLKNKWIGEIRSNLPCTPVLVVATQTDQREMGPHRASCVNAMEGKKLAQDVRAKGYLECSALSNRGVQQVFECAVRTAVNQARRRNRRRLFSINECKIF,191
Q4ADV7,sp|Q4ADV7|RIC1_HUMAN,MYFLSGWPKRLLCPLGSPAEAPFHVQSDPQRAFFAVLAAARLSIWYSRPSVLIVTYKEPAKSSTQFGSYKQAEWRPDSTMIAVSTANGYILFFHITSTRGDKYLYEPVYPKGSPQMKGTPHFKEEQCAPALNLEMRKILDLQAPIMSLQSVLEDLLVATSDGLLHLIHWEGMTNGRKAINLCTVPFSVDLQSSRVGSFLGFTDVHIRDMEYCATLDGFAVVFNDGKVGFITPVSSRFTAEQLHGVWPQDVVDGTCVAVNNKYRLMAFGCVSGSVQVYTIDNSTGAMLLSHKLELTAKQYPDIWNKTGAVKLMRWSPDNSVVIVTWEYGGLSLWSVFGAQLICTLGGDFAYRSDGTKKDPLKINSMSWGAEGYHLWVISGFGSQNTEIESDLRSVVKQPSILLFQFIKSVLTVNPCMSNQEQVLLQGEDRLYLNCGEASQTQNPRSSSTHSEHKPSREKSPFADGGLESQGLSTLLGHRHWHVVQISSTYLESNWPIRFSAIDKLGQNIAVVGKFGFAHYSLLTKKWKLFGNITQEQNMIVTGGLAWWNDFMVLACYNINDRQEELRVYLRTSNLDNAFAHVTKAQAETLLLSVFQDMVIVFRADCSICLYSIERKSDGPNTTAGIQVLQEVSMSRYIPHPFLVVSVTLTSVSTENGITLKMPQQARGAESIMLNLAGQLIMMQRDRSGPQIREKDSNPNNQRKLLPFCPPVVLAQSVENVWTTCRANKQKRHLLEALWLSCGGAGMKVWLPLFPRDHRKPHSFLSQRIMLPFHINIYPLAVLFEDALVLGAVNDTLLYDSLYTRNNAREQLEVLFPFCVVERTSQIYLHHILRQLLVRNLGEQALLLAQSCATLPYFPHVLELMLHEVLEEEATSREPIPDPLLPTVAKFITEFPLFLQTVVHCARKTEYALWNYLFAAVGNPKDLFEECLMAQDLDTAASYLIILQNMEVPAVSRQHATLLFNTALEQGKWDLCRHMIRFLKAIGSGESETPPSTPTAQEPSSSGGFEFFRNRSISLSQSAENVPASKFSLQKTLSMPSGPSGKRWSKDSDCAENMYIDMMLWRHARRLLEDVRLKDLGCFAAQLGFELISWLCKERTRAARVDNFVIALKRLHKDFLWPLPIIPASSISSPFKNGKYRTVGEQLLKSQSADPFLNLEMDAGISNIQRSQSWLSNIGPTHHEIDTASSHGPQMQDAFLSPLSNKGDECSIGSATDLTESSSMVDGDWTMVDENFSTLSLTQSELEHISMELASKGPHKSQVQLRYLLHIFMEAGCLDWCIVIGLILRESSIINQILVITQSSEVDGEMLQNIKTGLHAVDRWASTDCPGYKPFLNIIKPQLQKLSEITEEQVQPDAFQPITMGKTPEQTSPRAEESRGSSSHGSIPQGEVGSSNMVSRKEEDTAQAEEEEPFQDGTYDCSVS,1423
P62070,sp|P62070|RRAS2_HUMAN,MAAAGWRDGSGQEKYRLVVVGGGGVGKSALTIQFIQSYFVTDYDPTIEDSYTKQCVIDDRAARLDILDTAGQEEFGAMREQYMRTGEGFLLVFSVTDRGSFEEIYKFQRQILRVKDRDEFPMILIGNKADLDHQRQVTQEEGQQLARQLKVTYMEASAKIRMNVDQAFHELVRVIRKFQEQECPPSPEPTRKEKDKKGCHCVIF,204
Q96EA4,sp|Q96EA4|SPDLY_HUMAN,MEADIITNLRCRLKEAEEERLKAAQYGLQLVESQNELQNQLDKCRNEMMTMTESYEQEKYTLQREVELKSRMLESLSCECEAIKQQQKMHLEKLEEQLSRSHGQEVNELKTKIEKLKVELDEARLSEKQLKHQVDHQKELLSCKSEELRVMSERVQESMSSEMLALQIELTEMESMKTTLKEEVNELQYRQEQLELLITNLMRQVDRLKEEKEEREKEAVSYYNALEKARVANQDLQVQLDQALQQALDPNSKGNSLFAEVEDRRAAMERQLISMKVKYQSLKKQNVFNREQMQRMKLQIATLLQMKGSQTEFEQQERLLAMLEQKNGEIKHLLGEIRNLEKFKNLYDSMESKPSVDSGTLEDNTYYTDLLQMKLDNLNKEIESTKGELSIQRMKALFESQRALDIERKLFANERCLQLSESENMKLRAKLDELKLKYEPEETVEVPVLKKRREVLPVDITTAKDACVNNSALGGEVYRLPPQKEETQSCPNSLEDNNLQLEKSVSIYTPVVSLSPHKNLPVDMQLKKEKKCVKLIGVPADAEALSERSGNTPNSPRLAAESKLQTEVKEGKETSSKLEKETCKKLHPILYVSSKSTPETQCPQQ,605
Q8N0X7,sp|Q8N0X7|SPART_HUMAN,MEQEPQNGEPAEIKIIREAYKKAFLFVNKGLNTDELGQKEEAKNYYKQGIGHLLRGISISSKESEHTGPGWESARQMQQKMKETLQNVRTRLEILEKGLATSLQNDLQEVPKLYPEFPPKDMCEKLPEPQSFSSAPQHAEVNGNTSTPSAGAVAAPASLSLPSQSCPAEAPPAYTPQAAEGHYTVSYGTDSGEFSSVGEEFYRNHSQPPPLETLGLDADELILIPNGVQIFFVNPAGEVSAPSYPGYLRIVRFLDNSLDTVLNRPPGFLQVCDWLYPLVPDRSPVLKCTAGAYMFPDTMLQAAGCFVGVVLSSELPEDDRELFEDLLRQMSDLRLQANWNRAEEENEFQIPGRTRPSSDQLKEASGTDVKQLDQGNKDVRHKGKRGKRAKDTSSEEVNLSHIVPCEPVPEEKPKELPEWSEKVAHNILSGASWVSWGLVKGAEITGKAIQKGASKLRERIQPEEKPVEVSPAVTKGLYIAKQATGGAAKVSQFLVDGVCTVANCVGKELAPHVKKHGSKLVPESLKKDKDGKSPLDGAMVVAASSVQGFSTVWQGLECAAKCIVNNVSAETVQTVRYKYGYNAGEATHHAVDSAVNVGVTAYNINNIGIKAMVKKTATQTGHTLLEDYQIVDNSQRENQEGAANVNVRGEKDEQTKEVKEAKKKDK,666
Q6PHR2,sp|Q6PHR2|ULK3_HUMAN,MAGPGWGPPRLDGFILTERLGSGTYATVYKAYAKKDTREVVAIKCVAKKSLNKASVENLLTEIEILKGIRHPHIVQLKDFQWDSDNIYLIMEFCAGGDLSRFIHTRRILPEKVARVFMQQLASALQFLHERNISHLDLKPQNILLSSLEKPHLKLADFGFAQHMSPWDEKHVLRGSPLYMAPEMVCQRQYDARVDLWSMGVILYEALFGQPPFASRSFSELEEKIRSNRVIELPLRPLLSRDCRDLLQRLLERDPSRRISFQDFFAHPWVDLEHMPSGESLGRATALVVQAVKKDQEGDSAAALSLYCKALDFFVPALHYEVDAQRKEAIKAKVGQYVSRAEELKAIVSSSNQALLRQGTSARDLLREMARDKPRLLAALEVASAAMAKEEAAGGEQDALDLYQHSLGELLLLLAAEPPGRRRELLHTEVQNLMARAEYLKEQVKMRESRWEADTLDKEGLSESVRSSCTLQ,472
Q969T9,sp|Q969T9|WBP2_HUMAN,MALNKNHSEGGGVIVNNTESILMSYDHVELTFNDMKNVPEAFKGTKKGTVYLTPYRVIFLSKGKDAMQSFMMPFYLMKDCEIKQPVFGANYIKGTVKAEAGGGWEGSASYKLTFTAGGAIEFGQRMLQVASQASRGEVPSGAYGYSYMPSGAYVYPPPVANGMYPCPPGYPYPPPPPEFYPGPPMMDGAMGYVQPPPPPYPGPMEPPVSGPDVPSTPAAEAKAAEAAASAYYNPGNPHNVYMPTSQPPPPPYYPPEDKKTQ,261
Q8N5D0,sp|Q8N5D0|WDTC1_HUMAN,MAKVNITRDLIRRQIKERGALSFERRYHVTDPFIRRLGLEAELQGHSGCVNCLEWNEKGDLLASGSDDQHTIVWDPLHHKKLLSMHTGHTANIFSVKFLPHAGDRILITGAADSKVHVHDLTVKETIHMFGDHTNRVKRIATAPMWPNTFWSAAEDGLIRQYDLRENSKHSEVLIDLTEYCGQLVEAKCLTVNPQDNNCLAVGASGPFVRLYDIRMIHNHRKSMKQSPSAGVHTFCDRQKPLPDGAAQYYVAGHLPVKLPDYNNRLRVLVATYVTFSPNGTELLVNMGGEQVYLFDLTYKQRPYTFLLPRKCHSSGEVQNGKMSTNGVSNGVSNGLHLHSNGFRLPESRGHVSPQVELPPYLERVKQQANEAFACQQWTQAIQLYSKAVQRAPHNAMLYGNRAAAYMKRKWDGDHYDALRDCLKAISLNPCHLKAHFRLARCLFELKYVAEALECLDDFKGKFPEQAHSSACDALGRDITAALFSKNDGEEKKGPGGGAPVRLRSTSRKDSISEDEMVLRERSYDYQFRYCGHCNTTTDIKEANFFGSNAQYIVSGSDDGSFFIWEKETTNLVRVLQGDESIVNCLQPHPSYCFLATSGIDPVVRLWNPRPESEDLTGRVVEDMEGASQANQRRMNADPLEVMLLNMGYRITGLSSGGAGASDDEDSSEGQVQCRPS,677
O15498,sp|O15498|YKT6_HUMAN,MKLYSLSVLYKGEAKVVLLKAAYDVSSFSFFQRSSVQEFMTFTSQLIVERSSKGTRASVKEQDYLCHVYVRNDSLAGVVIADNEYPSRVAFTLLEKVLDEFSKQVDRIDWPVGSPATIHYPALDGHLSRYQNPREADPMTKVQAELDETKIILHNTMESLLERGEKLDDLVSKSEVLGTQSKAFYKTARKQNSCCAIM,198
Q8WV99,sp|Q8WV99|ZFN2B_HUMAN,MEFPDLGAHCSEPSCQRLDFLPLKCDACSGIFCADHVAYAQHHCGSAYQKDIQVPVCPLCNVPVPVARGEPPDRAVGEHIDRDCRSDPAQQKRKIFTNKCERAGCRQREMMKLTCERCSRNFCIKHRHPLDHDCSGEGHPTSRAGLAAISRAQAVASTSTVPSPSQTMPSCTSPSRATTRSPSWTAPPVIALQNGLSEDEALQRALEMSLAETKPQVPSCQEEEDLALAQALSASEAEYQRQQAQSRSSKPSNCSLC,257
